id,domain,status,purchase_price,renewal_price,attractiveness,demand,length,registrar,created_at,expires_at,status_verified_at
d7dc0162-74aa-48ae-8b52-5b4f2d881f81,drivers.legal,available,71.99,71.99,high,low,7,namesilo,,,28/09/2026 03:43
d5d37a37-65b5-4f10-b8ab-e8f36e8632d5,calendar.legal,available,55.2,55.2,high,medium,8,cloudflare,,,01/10/2026 11:43
11c62157-2653-439b-aa29-27d8a188065f,progression.legal,available,57.13,57.13,high,low,11,spaceship,,,02/10/2026 17:07
fdca159e-fe43-4f29-b553-322a28b796e1,tastefully.legal,available,71.99,71.99,medium,low,10,namesilo,,,16/09/2026 07:59
daacda20-f3af-4ab2-8007-4f277194b38a,jutland.legal,available,74.98,88.98,medium,low,7,namecheap,,,22/09/2026 15:18
1052a623-68ea-441f-8d86-4baf7a849720,agrologic.legal,available,9.99,92.99,medium,low,9,name.com,,,
83307c1c-fc15-4b3f-8f28-ab32ebe4912e,gush.legal,available,9.99,92.99,high,low,4,name.com,,,22/08/2026 13:07
172691d3-ea29-4503-859a-bf7f7175e118,sheila.legal,available,57.13,57.13,medium,low,6,spaceship,,,27/09/2026 17:05
437e1d74-2f23-4284-b0a5-c5fa09b05d30,eyepiece.legal,available,71.99,71.99,medium,low,8,namesilo,,,04/09/2026 00:46
f354c988-0f00-4ca1-b0b7-b9e73c1828de,dixon.legal,resell,,,medium,low,5,Dynadot Inc,21/05/2026 11:19,21/05/2027 11:19,26/09/2026 05:37
6378e05b-79c1-4a8c-b6b6-0f1c75e5d3b1,nacl.legal,available,55.2,55.2,medium,low,4,cloudflare,,,30/09/2026 22:52
58488c12-b2df-4f82-a803-07c3c67cc4fb,sandro.legal,available,71.99,71.99,high,low,6,namesilo,,,02/10/2026 11:44
7fccdf27-d630-4712-b6b4-39698f3a8be2,gorillas.legal,available,71.99,71.99,medium,low,8,namesilo,,,02/10/2026 22:55
36eb4140-8fea-4d7a-a251-7bcdbd7155ce,geometry.legal,available,57.13,57.13,high,low,8,spaceship,,,29/09/2026 20:49
0e650355-0cfe-424d-ae23-a15677e3f0f5,pitching.legal,available,57.13,57.13,high,low,8,spaceship,,,30/09/2026 06:51
421554f6-a3ba-452d-93ff-f8f8021ba50b,faye.legal,available,57.13,57.13,medium,low,4,spaceship,,,28/09/2026 13:31
163f462a-1f2c-4e97-88aa-dc33ae0ed47c,prairie.legal,available,71.99,71.99,high,low,7,namesilo,,,30/09/2026 07:12
7d17f6c1-3e1b-4944-b8b9-5d83f7281530,arguing.legal,available,71.99,71.99,high,low,7,namesilo,,,20/09/2026 04:50
8213aa7e-03a9-466b-afc8-6087dc6cdb09,fadeout.legal,available,71.99,71.99,medium,low,7,namesilo,,,09/09/2026 11:18
43b800b2-1212-4094-83a7-6cbc95e37eb4,felicitous.legal,available,9.99,92.99,medium,low,10,name.com,,,18/08/2026 00:51
0f01fdf1-9d6f-40d8-a5e6-110caa7a0b48,rhianna.legal,available,57.13,57.13,high,low,7,spaceship,,,02/10/2026 14:02
dddda131-7cde-4b93-8adc-ac02022944c8,fijian.legal,available,9.99,92.99,high,low,6,name.com,,,18/08/2026 04:02
4612b15d-a064-4796-8cc7-6f6af9acc264,intricate.legal,available,74.98,88.98,high,low,9,namecheap,,,25/09/2026 10:49
e3be3f42-7dcd-4a78-ac7a-f9698f9c57f0,bein.legal,available,57.13,57.13,high,low,4,spaceship,,,30/09/2026 11:52
4ef4726d-40c8-40b8-b9e2-8953f6822011,named.legal,available,57.13,57.13,high,low,5,spaceship,,,02/10/2026 21:25
4967c5d9-9b6f-4370-a044-8848153741d3,anthrax.legal,available,71.99,71.99,medium,low,7,namesilo,,,19/09/2026 13:52
6ffafe17-4436-4fea-93d1-01e52794f4fb,taliban.legal,available,71.99,71.99,high,low,7,namesilo,,,27/09/2026 05:35
93884b2d-d9cc-4c88-9b69-7b230c413227,aseptic.legal,available,71.99,71.99,high,low,7,namesilo,,,22/09/2026 09:33
4faab982-0232-4bf2-8ee9-200e284c8de7,alpena.legal,available,71.99,71.99,medium,low,6,namesilo,,,18/09/2026 13:31
6f70e9d8-06c3-454b-8911-86e34d2708b8,vibrating.legal,available,55.2,55.2,medium,low,9,cloudflare,,,30/09/2026 14:24
5213a572-8026-4196-b34c-d0d843381ed0,crevice.legal,available,9.99,92.99,high,low,7,name.com,,,13/08/2026 04:16
b2989175-d23e-4ef9-baae-aa7a2576abba,vols.legal,available,57.13,57.13,medium,low,4,spaceship,,,27/09/2026 11:41
64697f84-253b-4f75-9a0d-950ad2a3ad29,blenny.legal,available,74.98,88.98,medium,low,6,namecheap,,,24/09/2026 06:00
62a806ad-e903-4b60-86ab-44f590a37728,bowden.legal,available,5.66,57.16,medium,low,6,porkbun,,,02/10/2026 20:08
9bf60ea6-1c85-4416-b296-9fbe26822031,reluctantly.legal,available,5.66,57.16,medium,low,11,porkbun,,,30/09/2026 11:53
8bfe1922-818f-4d42-8726-c35ff9052b6f,ncaa.legal,available,71.99,71.99,high,low,4,namesilo,,,27/09/2026 07:11
49ecef12-287a-4515-bbf9-19cc4bab7abc,automaton.legal,available,71.99,71.99,high,low,9,namesilo,,,21/09/2026 07:00
33c3ec9b-57ef-4a45-b568-f5cd0d0854d1,wilder.legal,available,71.99,71.99,high,low,6,namesilo,,,23/09/2026 16:50
cd9df010-ccac-451a-a179-af3d01978ea9,clinically.legal,available,71.99,71.99,medium,low,10,namesilo,,,28/09/2026 13:58
0b73b414-b344-48de-990f-75f80d7f7fc4,ballarat.legal,available,57.13,57.13,medium,low,8,spaceship,,,02/10/2026 10:28
550bfa2c-8890-4a12-bd2b-9982e419c2e1,surefooted.legal,available,9.99,92.99,high,low,10,name.com,,,18/08/2026 10:50
8574bfe0-603f-42b9-8949-5f9137e6c4f9,diacritic.legal,available,9.99,92.99,medium,low,9,name.com,,,14/08/2026 05:43
8f9491d8-7738-46aa-8e90-d582ce4b0889,pummel.legal,available,74.98,88.98,medium,low,6,namecheap,,,23/09/2026 13:52
6fdcb3fb-019e-48ff-a394-aff6f9e28c6f,salient.legal,available,71.99,71.99,high,low,7,namesilo,,,09/09/2026 03:09
c6e7ed3c-5612-4bdf-987f-78fce9993f91,adlumia.legal,available,71.99,71.99,medium,low,7,namesilo,,,17/09/2026 08:37
566ecf40-0c6d-493b-9e5d-b233bb02f39e,ooh.legal,available,5.57,59.07,high,low,3,dynadot,,,30/09/2026 11:21
3178a54d-1412-45c5-99c4-d1e0f591dfe8,stored.legal,available,5.57,59.07,low,low,6,dynadot,,,28/09/2026 17:31
0a49eaf4-bc9b-4dc6-b678-d8480781da8c,airman.legal,available,74.98,88.98,high,low,6,namecheap,,,17/09/2026 13:10
4ca38250-ab33-438e-a0db-85584cb0598f,belting.legal,available,71.99,71.99,high,low,7,namesilo,,,23/09/2026 07:06
d10786ab-5a64-416a-9395-b63049e0952d,storyteller.legal,available,71.99,71.99,high,low,11,namesilo,,,01/10/2026 22:37
7b28ddbe-1f47-48b2-8cf8-25d3cbe6c4eb,gauguin.legal,available,57.13,57.13,medium,low,7,spaceship,,,01/10/2026 19:42
8ecdeb6b-4fba-4b77-8e4f-5a74aaf2ef69,jamal.legal,available,71.99,71.99,medium,low,5,namesilo,,,29/09/2026 03:56
272f8b75-81ac-43cc-ac7f-8d02017a1d2f,aboulia.legal,available,71.99,71.99,medium,low,7,namesilo,,,16/09/2026 16:42
17d31f93-b60f-4b36-be47-6b725af87416,lankan.legal,available,71.99,71.99,medium,low,6,namesilo,,,29/09/2026 09:15
502b38e3-7bc4-4b05-acc6-6a0de355c5ba,streams.legal,available,55.2,55.2,medium,low,7,cloudflare,,,29/09/2026 16:56
c1a7c150-9343-4eb9-8689-a54388a64046,almonds.legal,available,5.57,59.07,medium,low,7,dynadot,,,02/10/2026 22:38
6d60492d-3e2b-4d83-bdb8-039fa07f409f,braised.legal,available,9.99,92.99,medium,low,7,name.com,,,11/08/2026 01:55
ba17ff80-0a09-42c8-b7b7-89849949d980,sallie.legal,available,57.13,57.13,medium,low,6,spaceship,,,30/09/2026 21:12
387c86f0-38fe-4cee-b96a-e93356b33921,zend.legal,available,9.99,92.99,medium,low,4,name.com,,,07/08/2026 23:12
c2be7d0f-6b3a-49e5-9c9f-3cb4946c6d26,gansu.legal,available,5.57,59.07,medium,low,5,dynadot,,,01/10/2026 02:15
5e736fd4-49fc-46ce-87e8-7349932464f1,toa.legal,available,57.13,57.13,high,low,3,spaceship,,,02/10/2026 17:59
4ba86829-d766-4446-b090-29d4b7fc8f9d,disturbed.legal,available,9.99,92.99,medium,low,9,name.com,,,11/08/2026 01:48
8bfd6e25-8bce-4222-a8c8-8262aab875e5,bacterial.legal,available,9.99,92.99,high,low,9,name.com,,,22/09/2026 16:00
7f9b04f8-b203-422a-8924-1fb38d44e7a7,rehearse.legal,available,57.13,57.13,high,low,8,spaceship,,,01/10/2026 04:23
51a2ee57-0dfa-472e-8df9-8530cc2671c8,request.legal,premium,242,242,high,low,7,namesilo,,,28/09/2026 22:34
1477c90a-61cc-4453-bd16-7b66add3bb41,airless.legal,available,9.99,92.99,medium,low,7,name.com,,,
b09a8223-e4cf-4a8e-b0dc-38d49282aa65,anxiety.legal,available,71.99,71.99,high,low,7,namesilo,,,19/09/2026 15:59
37a0a945-de21-46be-890a-c601cf8c6048,single.legal,available,71.99,71.99,high,low,6,namesilo,,,21/09/2026 10:43
531f19a6-d930-4302-aedf-7a480e88aeab,polyhedral.legal,available,71.99,71.99,medium,low,10,namesilo,,,08/09/2026 23:24
799e1649-a798-42ae-8c71-60d40dae3271,antabuse.legal,available,74.98,88.98,medium,low,8,namecheap,,,19/09/2026 12:24
29abeb84-930f-4d9a-9dab-6bc09db76988,nikki.legal,available,71.99,71.99,high,low,5,namesilo,,,28/09/2026 07:47
55dbe157-71a7-4c3b-bfa9-9a2406370e1b,enjoys.legal,available,74.98,88.98,medium,low,6,namecheap,,,28/09/2026 23:12
74623290-48eb-407a-8494-e76b0e52484b,kristina.legal,available,57.13,57.13,high,low,8,spaceship,,,30/09/2026 13:17
6f893e50-d27b-4f5e-b2a5-22eb0f6f5487,nafta.legal,available,5.57,59.07,medium,low,5,dynadot,,,29/09/2026 07:38
2f817f8a-f201-4adb-ab6a-34132335cb29,nipper.legal,available,9.99,92.99,medium,low,6,name.com,,,25/08/2026 00:05
13b75d78-6333-493a-81f0-5294c15c6e88,capra.legal,available,55.2,55.2,high,low,5,cloudflare,,,01/10/2026 18:54
190616e7-ebef-4f36-966e-c3c9f3440d61,soledad.legal,available,57.13,57.13,medium,low,7,spaceship,,,30/09/2026 18:46
9d2a3fb8-d848-4fc5-8f06-fcf04f6f2b69,abbeville.legal,available,55.2,55.2,medium,low,9,cloudflare,,,30/09/2026 20:53
cba38ec2-8028-42cb-8280-85d0bfe251d9,loth.legal,available,9.99,92.99,medium,low,4,name.com,,,24/08/2026 08:19
bc2a9190-6955-4b42-9c82-e7cd60008c90,commix.legal,available,9.99,92.99,medium,low,6,name.com,,,
66b4e485-99b5-4bf5-b986-2fc306089c5a,teamwork.legal,available,71.99,71.99,high,low,8,namesilo,,,30/09/2026 12:52
2e15d2a4-f0b1-4e9b-9bbd-64cfd56f41ae,clipboard.legal,available,74.98,88.98,high,low,9,namecheap,,,24/09/2026 15:44
1ede105b-a5c6-4b46-b9be-58f92599ac4d,gratuity.legal,available,71.99,71.99,high,low,8,namesilo,,,21/09/2026 15:50
992ab2af-bc29-4495-9ec1-1a49391c7113,sapporo.legal,available,57.13,57.13,high,low,7,spaceship,,,30/09/2026 10:59
092d47a9-1822-4467-89be-808be1f1d54f,divisions.legal,available,57.13,57.13,medium,low,9,spaceship,,,29/09/2026 04:40
44471d98-6a06-4355-beac-e86e0bf55c4a,monoxide.legal,available,57.13,57.13,high,low,8,spaceship,,,01/10/2026 20:41
37b6c11c-f38a-4ff5-b1fc-82ef25bbe22a,substantial.legal,available,57.13,57.13,high,low,11,spaceship,,,01/10/2026 05:35
875488b8-c9f2-440a-b451-b1a676c3417a,cocteau.legal,available,71.99,71.99,medium,low,7,namesilo,,,02/10/2026 14:42
c9fcafe6-7b5b-4a99-a648-733d050af54f,binet.legal,available,74.98,88.98,medium,low,5,namecheap,,,18/09/2026 06:25
c3f62725-d14b-4351-837c-d09814e47a18,sinatra.legal,available,55.2,55.2,high,low,7,cloudflare,,,29/09/2026 18:57
f99cf837-ed65-4a09-96e3-de6ea1fb674d,antivenin.legal,available,74.98,88.98,medium,low,9,namecheap,,,19/09/2026 15:16
54a79f59-8e07-40b5-8743-b693c5ea86b0,ebert.legal,available,5.57,59.07,medium,low,5,dynadot,,,28/09/2026 08:02
30564d5c-c452-484f-b9f9-3f86f558841d,sergius.legal,available,57.13,57.13,medium,low,7,spaceship,,,02/10/2026 00:10
0cbace66-d367-4ef6-a4ab-60257e04e871,simonds.legal,available,71.99,71.99,medium,low,7,namesilo,,,02/10/2026 10:59
0a2be7ff-9109-46b1-93ba-cb2fee6aec8a,rustle.legal,available,71.99,71.99,high,low,6,namesilo,,,13/09/2026 11:37
9f03aa83-f824-4a5b-85c6-f531b307aabf,colorise.legal,available,9.99,92.99,medium,low,8,name.com,,,12/08/2026 17:36
7ea07f85-fb1a-43fe-afb2-b704fedb8e95,chengdu.legal,available,71.99,71.99,medium,low,7,namesilo,,,30/09/2026 04:52
5b5222ca-d08d-41f0-8f03-9f06a8b5233f,leadership.legal,available,57.13,57.13,high,low,10,spaceship,,,30/09/2026 02:30
093ce53f-aee5-4577-a84d-53b306f298c7,mentioned.legal,available,9.99,,medium,low,9,name.com,,,
8da8f039-346e-4c60-b729-76da4aff1fc8,espouse.legal,available,71.99,71.99,high,low,7,namesilo,,,13/09/2026 09:39
0872faeb-345e-4ff9-9a13-2d76fb6001c9,rechargeable.legal,available,71.99,71.99,high,low,12,namesilo,,,01/10/2026 05:50
0c6b7fa5-35ca-4fa6-b0f0-379f99b78d12,telecom.legal,available,55.2,55.2,high,low,7,cloudflare,,,30/09/2026 13:03
2ff414a6-a520-4469-86c5-4e6d3acf9b30,inexpensive.legal,premium,118.8,118.8,high,low,11,namesilo,,,01/10/2026 01:44
9271afa8-72d0-4d0d-816f-493b5eb2c741,hole.legal,available,55.2,55.2,medium,low,4,cloudflare,,,29/09/2026 05:47
05e87821-0343-4886-a177-348d21a475c5,earning.legal,available,71.99,71.99,medium,low,7,namesilo,,,28/09/2026 13:27
06789b36-38fa-4a8f-bae0-27033ad728f6,supplementary.legal,available,5.57,59.07,medium,low,13,dynadot,,,30/09/2026 19:39
da817aa2-d91d-4f82-97e5-355155b9d97c,arti.legal,available,55.2,55.2,high,low,4,cloudflare,,,02/10/2026 01:43
c7c38d2e-99d1-42fe-bf4f-c19e77467cbd,carbonate.legal,available,5.57,59.07,high,low,9,dynadot,,,02/10/2026 14:33
39fb4b81-2326-49aa-b6a1-c43b37054221,ashland.legal,available,71.99,71.99,high,low,7,namesilo,,,27/09/2026 08:14
d213e58c-bcd6-433a-b984-1aac61e3303c,plasmas.legal,available,5.66,57.16,medium,low,7,porkbun,,,30/09/2026 15:59
5457a79e-5b47-4d1d-b31c-ee8cc9b4ed3a,forget.legal,available,74.98,88.98,medium,low,6,namecheap,,,30/09/2026 15:44
167be2c4-fa2f-4c44-b0d4-05d104971511,buried.legal,available,74.98,88.98,medium,low,6,namecheap,,,23/09/2026 11:29
33c39e2d-aa3c-4dbf-9080-095b5c28690c,bedside.legal,available,71.99,71.99,high,low,7,namesilo,,,22/09/2026 23:34
7c591b10-cf61-4243-a6e7-59bafad7e37d,outreach.legal,available,57.13,57.13,high,low,8,spaceship,,,30/09/2026 10:41
daf19ebd-c1a8-4427-b158-b11f5a2936f9,haight.legal,available,71.99,71.99,medium,low,6,namesilo,,,02/10/2026 04:03
b982fb52-639f-416d-bbba-3cf6515031d7,clxxv.legal,available,9.99,92.99,medium,low,5,name.com,,,
17865672-9f55-4532-8e9e-ca28e6dc334e,pursuits.legal,available,74.98,88.98,medium,low,8,namecheap,,,02/10/2026 13:15
3f4b24b6-da76-46da-9623-fe3452ca4d6e,theodore.legal,available,55.2,55.2,high,low,8,cloudflare,,,29/09/2026 02:58
e68919ea-3120-4067-bbbc-c1474fcdcea8,inflexible.legal,available,9.99,92.99,medium,low,10,name.com,,,22/08/2026 04:32
6dd82364-3863-4487-8368-df3ef00788c9,overactive.legal,available,9.99,92.99,medium,low,10,name.com,,,21/08/2026 16:42
c4cb732c-f557-4677-8e17-3faa1576b727,considers.legal,available,74.98,88.98,medium,low,9,namecheap,,,29/09/2026 10:45
a4211b06-24be-4012-a000-ed0de361b198,accompany.legal,available,71.99,71.99,high,low,9,namesilo,,,24/09/2026 16:41
eb7fb1a3-384f-4891-a2b8-a88c842bb7a2,diluted.legal,available,9.99,92.99,medium,low,7,name.com,,,14/08/2026 07:45
9ff475cb-fab7-48a7-88b8-94695ca10ba5,whether.legal,available,57.13,57.13,high,low,7,spaceship,,,30/09/2026 22:27
6f55d881-4f17-47e9-b1cc-c79091022858,kandy.legal,available,71.99,71.99,high,low,5,namesilo,,,02/10/2026 05:33
43ed440b-00c2-44b3-89dd-2e2e2256f9e4,deviation.legal,available,57.13,57.13,high,low,9,spaceship,,,30/09/2026 09:21
67fcffcd-b578-466d-b7ee-08911411e7d7,empties.legal,available,74.98,88.98,medium,low,7,namecheap,,,02/10/2026 22:37
5d7c2920-a775-41d2-b91a-1869463612f8,nis.legal,available,55.2,55.2,high,low,3,cloudflare,,,29/09/2026 14:58
0e394dfe-4d71-4ba9-a2d8-4d6e94da388e,effortful.legal,available,9.99,92.99,medium,low,9,name.com,,,15/08/2026 16:20
7bf9048b-d64d-4f66-8271-f3b3c4e96f67,barbette.legal,available,74.98,88.98,medium,low,8,namecheap,,,22/09/2026 04:54
d1270ed1-718a-4277-ab44-d7cf57ded3a6,toter.legal,available,74.98,88.98,medium,low,5,namecheap,,,22/09/2026 21:16
7322bf23-61bb-49c7-9a23-a110fde6b5b4,avaricious.legal,available,9.99,92.99,medium,low,10,name.com,,,07/08/2026 21:48
fde36372-23f5-4728-ab1d-a429eff7920c,slab.legal,available,57.13,57.13,high,low,4,spaceship,,,28/09/2026 20:30
e645b6eb-0716-47b0-af1e-b433af8c9e7a,concisely.legal,available,71.99,71.99,medium,low,9,namesilo,,,14/09/2026 08:10
ddef4d86-7a5a-4165-891e-452122e2180c,immoderate.legal,available,9.99,92.99,medium,low,10,name.com,,,21/08/2026 21:07
d1bca194-e699-46f6-8b85-af025f3fc827,microscope.legal,available,57.13,57.13,high,low,10,spaceship,,,28/09/2026 19:53
d8f172ae-b5f5-42c6-996f-544d92d9f4b8,unstoppable.legal,available,71.99,71.99,high,low,11,namesilo,,,01/10/2026 22:05
cf555166-e32f-4010-a841-827eb7e3195c,trials.legal,available,74.98,88.98,high,low,6,namecheap,,,18/09/2026 17:43
c14cf914-0473-4286-8a15-6b913f97cb7b,xmas.legal,available,55.2,55.2,high,low,4,cloudflare,,,29/09/2026 09:09
b4ada248-cc0b-4962-a32c-f7f38e63a18a,twee.legal,available,9.99,92.99,medium,low,4,name.com,,,13/08/2026 15:49
cb973ee7-a6d5-4d09-8978-0bce8fa09b21,newborn.legal,available,57.13,57.13,medium,low,7,spaceship,,,02/10/2026 01:22
1a566ced-1c2b-4e2d-b0b0-60b8a3797956,reggio.legal,available,74.98,88.98,medium,low,6,namecheap,,,30/09/2026 12:52
a64523f6-cb91-4752-8d23-9b549ff077bd,washes.legal,available,71.99,71.99,medium,low,6,namesilo,,,20/09/2026 04:54
2a64f62d-8b0d-40a0-97e3-013afa82c78b,stood.legal,available,9.99,,medium,low,5,name.com,,,
0ba4ad71-b9d8-422a-8527-665d408d1d7a,sacking.legal,available,74.98,88.98,medium,low,7,namecheap,,,21/09/2026 18:04
ac705cc6-6597-42ae-a47e-3931d62e6ec6,encrypted.legal,available,71.99,71.99,high,low,9,namesilo,,,02/10/2026 02:04
096153b5-e66c-418a-b64a-634d41d41fe7,thinly.legal,available,71.99,71.99,medium,low,6,namesilo,,,11/09/2026 13:26
ed550ad3-b0e2-456a-92bf-d8728fc5de46,wicker.legal,available,57.13,57.13,medium,low,6,spaceship,,,02/10/2026 14:32
160405e3-c40d-498f-9ba8-73ee1a1a6586,regulator.legal,available,57.13,57.13,high,low,9,spaceship,,,29/09/2026 20:08
5423171c-5b90-4c0c-8c70-fe3e4beda396,riot.legal,available,74.98,88.98,high,low,4,namecheap,,,24/09/2026 13:04
74613255-f9fa-499b-af45-5cfca40c8de8,grapevine.legal,available,71.99,71.99,high,low,9,namesilo,,,02/10/2026 05:05
8082ed8d-23a6-4cdb-9585-683103838870,patient.legal,available,74.98,88.98,high,low,7,namecheap,,,27/09/2026 03:04
56c749b0-3f6d-46c8-bd31-7a574518ad11,bad.legal,resell,,,high,medium,3,GoDaddy Online Services Cayman Islands Ltd.,02/05/2017 03:28,02/05/2027 03:28,26/09/2026 04:12
545860a4-e87f-48e6-97ab-a702eebfef56,recreational.legal,available,71.99,71.99,high,low,12,namesilo,,,29/09/2026 10:15
4c179402-7104-4fad-82b3-69384165941d,beaded.legal,available,9.99,92.99,medium,low,6,name.com,,,09/08/2026 03:18
56b407d2-4adc-45f0-906b-defde09093c2,payne.legal,resell,,,high,low,5,Dynadot Inc,21/05/2026 11:19,21/05/2027 11:19,26/09/2026 08:04
b3edb37c-d539-4cfc-906d-5a3c622b4e5f,buffon.legal,available,5.57,59.07,medium,low,6,dynadot,,,02/10/2026 18:57
aa19df19-8000-4c09-af98-2b7ef156bb6d,swirl.legal,available,57.13,57.13,high,low,5,spaceship,,,02/10/2026 04:27
253d677c-3f9d-4406-8aa6-e97b06f2e367,vanishing.legal,available,55.2,55.2,medium,low,9,cloudflare,,,29/09/2026 20:33
ea1f02b0-5906-4505-98ae-f592e47019d3,recreation.legal,available,55.2,55.2,medium,low,10,cloudflare,,,01/10/2026 15:30
17242ce9-d20e-484f-a86a-30c2a2160cd5,azure.legal,available,,,high,high,5,,,,
89d6522e-aad5-4224-ac7c-a5588908744c,placing.legal,available,57.13,57.13,medium,low,7,spaceship,,,28/09/2026 21:04
3950eee2-9553-42b7-ab38-d29c1e90f14f,print.legal,available,55.2,55.2,high,medium,5,cloudflare,,,30/09/2026 06:43
3fbd9655-0a98-4ed7-8d09-7b5bd6aa7773,clubby.legal,available,9.99,92.99,medium,low,6,name.com,,,12/08/2026 11:19
3e3af215-0329-4d01-bb53-69c4d09a25fa,thump.legal,available,71.99,71.99,high,low,5,namesilo,,,11/09/2026 15:06
15d2567f-c9b7-45a8-b5d1-8696bdcb8cd5,bisbee.legal,available,57.13,57.13,medium,low,6,spaceship,,,03/10/2026 05:59
d0ab8487-9df1-40d5-8cec-da322f91df71,braunschweig.legal,available,71.99,71.99,medium,low,12,namesilo,,,30/09/2026 15:41
d6f4afc9-075a-429f-9f67-51cdc67d9199,blissful.legal,available,9.99,92.99,high,low,8,name.com,,,10/08/2026 14:33
fc18072f-9511-4b81-8c4e-84771716d47e,cislunar.legal,available,9.99,92.99,medium,low,8,name.com,,,12/08/2026 08:30
268ba87f-b973-49e1-bd13-87c0a53e91e8,ethel.legal,available,57.13,57.13,high,low,5,spaceship,,,28/09/2026 07:21
4f5fdc8b-90ec-40d8-b92c-1bdb5d26cb75,outfitted.legal,available,74.98,88.98,medium,low,9,namecheap,,,04/09/2026 19:24
43a6d0d3-3fe6-4b9f-8742-645b31f88b93,floral.legal,available,9.99,92.99,high,low,6,name.com,,,18/08/2026 08:54
23146a7a-4d75-4e78-8b42-1a2a2ce9818c,delectable.legal,available,9.99,92.99,high,low,10,name.com,,,14/08/2026 00:21
96574371-44eb-4381-b470-5950cf1e763f,larghetto.legal,available,9.99,92.99,medium,low,9,name.com,,,22/08/2026 19:57
aeb05716-5f70-452b-9943-12f4d1a6f7e2,cagy.legal,available,9.99,92.99,medium,low,4,name.com,,,11/08/2026 13:21
5a7870cd-a51f-46b0-a6a6-748756827447,amora.legal,available,71.99,71.99,high,low,5,namesilo,,,18/09/2026 22:38
43a9dd3d-49e1-4cd8-92ae-6c49ed422b94,leave.legal,available,5.66,57.16,high,low,5,porkbun,,,29/09/2026 18:36
630f9411-21f8-411b-8c4d-f72e9e6dac07,protest.legal,available,71.99,71.99,high,low,7,namesilo,,,30/09/2026 07:47
96a87b93-d08d-4396-95a7-e46670c5067a,birches.legal,available,71.99,71.99,medium,low,7,namesilo,,,20/09/2026 07:32
1e9bd65e-65c4-43ee-a233-88fd18eabed1,ott.legal,available,57.13,57.13,high,low,3,spaceship,,,28/09/2026 21:01
339371e4-3e4f-48b1-a8d3-a3e3fb5bc207,surprisingly.legal,available,5.57,59.07,high,low,12,dynadot,,,01/10/2026 23:15
59be9a7c-8c21-48ff-ba81-fc64dad6ff01,bonnily.legal,available,71.99,71.99,medium,low,7,namesilo,,,14/09/2026 01:04
55456894-da89-47aa-b333-dae229463f1d,drugless.legal,available,9.99,92.99,medium,low,8,name.com,,,14/08/2026 20:11
6b387ac1-b430-4b38-a82e-b98d662d2920,rav.legal,available,71.99,71.99,high,low,3,namesilo,,,30/09/2026 04:18
d5693df6-8428-4373-8893-66abab87f68f,proportions.legal,available,71.99,71.99,high,low,11,namesilo,,,17/09/2026 11:38
f1921087-00fb-4682-80f3-4a3a4ffb6933,macclesfield.legal,available,57.13,57.13,medium,low,12,spaceship,,,02/10/2026 10:21
e9da5f0c-ab00-4e1d-abd6-cdd30d7ad689,folder.legal,available,55.2,55.2,high,low,6,cloudflare,,,29/09/2026 03:36
1e37d119-3614-4848-b5cc-94f0ba42424c,murder.legal,available,71.99,71.99,medium,low,6,namesilo,,,26/09/2026 00:00
6bc10e29-fcb2-4edb-9ad2-ccb712088331,tacky.legal,available,9.99,92.99,medium,low,5,name.com,,,18/08/2026 06:41
a7b56d5d-e46e-47b4-97de-e3c1fa604723,surplus.legal,available,9.99,92.99,high,low,7,name.com,,,17/08/2026 16:09
6b232291-ec53-4e97-8187-ce31bef0a78f,litter.legal,available,71.99,71.99,high,low,6,namesilo,,,22/09/2026 23:14
025cc426-8a67-4067-a19b-98864eb9e0c5,dosage.legal,available,74.98,88.98,high,low,6,namecheap,,,30/09/2026 17:03
4edf8e17-e78a-4a33-af3b-8de0f50279aa,corfu.legal,available,74.98,88.98,high,low,5,namecheap,,,30/09/2026 04:34
e266db9d-0f8d-4145-b8dd-f7a011771e7c,gazing.legal,available,55.2,55.2,high,low,6,cloudflare,,,01/10/2026 22:38
6e8f96c3-b951-4578-968e-f226bebfe314,stoop.legal,available,57.13,57.13,high,low,5,spaceship,,,02/10/2026 04:31
451f5f18-dfeb-4942-a871-d0b2153621ec,excitable.legal,available,9.99,92.99,medium,low,9,name.com,,,17/08/2026 16:22
a69b0e16-b214-457f-be18-822d458c6b6d,subtropic.legal,available,71.99,71.99,medium,low,9,namesilo,,,10/09/2026 03:34
b2a5b3e7-c683-4f42-bb1a-e2db5f561fbe,twenty.legal,available,71.99,71.99,high,low,6,namesilo,,,21/09/2026 12:24
7cf51ffe-8256-4269-95cd-b17a508df4fd,indulge.legal,available,71.99,71.99,high,low,7,namesilo,,,21/09/2026 13:04
f699af9b-9255-4ff6-a51f-0b86bf8cca0e,dvds.legal,available,71.99,71.99,medium,low,4,namesilo,,,29/09/2026 00:04
9f4784cd-4932-4c6e-bc6e-922c0080414f,poolside.legal,available,71.99,71.99,high,low,8,namesilo,,,02/10/2026 00:48
1b443484-2e78-4dae-aaf9-2b1ee4c8e678,anasa.legal,available,71.99,71.99,medium,low,5,namesilo,,,19/09/2026 03:09
149fa8d8-f0a1-4c13-a9b3-3a9cb49dd3fa,affects.legal,available,71.99,71.99,medium,low,7,namesilo,,,20/09/2026 03:57
2931e7be-3b44-457b-a0f1-2386e2ff0df2,dexterous.legal,available,9.99,92.99,high,low,9,name.com,,,13/08/2026 23:51
3f505ed1-9aaf-40a7-880f-fbb6fbe82be7,excluding.legal,available,5.66,57.16,medium,low,9,porkbun,,,30/09/2026 03:59
e752958d-0d6b-4e4c-afc6-9d193f3aa84c,miry.legal,available,9.99,92.99,medium,low,4,name.com,,,10/08/2026 17:05
b57d2ba9-2913-4677-a74c-56806f8782d7,stakes.legal,available,71.99,71.99,high,low,6,namesilo,,,23/09/2026 10:49
a54eb1a2-573d-4e3e-8334-73baef62fac8,acumen.legal,available,74.98,88.98,high,low,6,namecheap,,,17/09/2026 05:39
92c5fe58-f24e-4228-a23b-ee78fe5a6229,aquino.legal,available,57.13,57.13,medium,low,6,spaceship,,,28/09/2026 22:09
80833f39-b774-42aa-9102-d3f896963fdc,interesting.legal,available,74.98,88.98,high,low,11,namecheap,,,01/10/2026 02:24
fc4a1afe-49b8-41e2-8ce6-9ffc74730c4a,lighting.legal,available,71.99,71.99,high,low,8,namesilo,,,27/09/2026 14:44
35157bdf-22f5-4025-9420-df686584eb17,audition.legal,available,71.99,71.99,high,low,8,namesilo,,,21/09/2026 03:09
fe127320-6394-4613-a5db-9e71bb26713d,verbal.legal,available,74.98,88.98,high,low,6,namecheap,,,28/09/2026 10:13
8ce43d55-c326-4a79-8558-072134abd429,banter.legal,available,5.57,59.07,high,low,6,dynadot,,,02/10/2026 11:25
6415479c-eae0-4048-a5cb-ae48f47390e5,backlash.legal,available,71.99,71.99,high,low,8,namesilo,,,21/09/2026 15:29
3d962359-0a88-4d66-8c43-6a7dec23bec3,modulated.legal,available,9.99,92.99,medium,low,9,name.com,,,25/08/2026 03:19
e524d6d8-a57e-47e0-b327-49036d58b5e8,flashback.legal,available,57.13,57.13,high,low,9,spaceship,,,30/09/2026 17:20
0c05265c-cce7-4317-a700-3ef24b016e2f,deer.legal,available,71.99,71.99,high,low,4,namesilo,,,24/09/2026 13:40
4e89a717-06fd-4490-afc9-cdc611539b37,fillmore.legal,available,55.2,55.2,medium,low,8,cloudflare,,,03/10/2026 00:44
1546c282-f6d7-4989-94a3-83f36c658cee,legless.legal,available,9.99,92.99,medium,low,7,name.com,,,22/08/2026 23:13
5a191c1d-ecb1-4acf-97fb-1787a9963e42,heralded.legal,available,9.99,92.99,medium,low,8,name.com,,,21/08/2026 06:51
5bbe38a1-0e27-4e63-a5a4-977cdcf71831,wta.legal,available,57.13,57.13,high,low,3,spaceship,,,30/09/2026 21:03
8cd76b3c-637a-4410-b48f-5bbf60df9f0b,braided.legal,available,9.99,92.99,medium,low,7,name.com,,,11/08/2026 01:28
3bbcdadf-7d95-4e04-9ca3-bbdfb2eecf93,mommy.legal,available,71.99,71.99,high,low,5,namesilo,,,30/09/2026 02:10
58767788-48d1-4374-b2fd-7a43f4095df6,mclaughlin.legal,premium,118.8,118.8,medium,low,10,namesilo,,,27/09/2026 01:56
f85ea553-eb8a-4c6e-9f3f-cb8ef60ece39,southwark.legal,available,5.57,59.07,medium,low,9,dynadot,,,29/09/2026 09:21
ae2b3b6b-9640-408f-8366-c0943a0756fb,eaten.legal,available,71.99,71.99,high,low,5,namesilo,,,30/09/2026 22:38
5a4c7600-c2d0-4636-9ae9-c09ee3c0be4b,kalamazoo.legal,available,121.99,121.99,high,low,9,godaddy,,,28/09/2026 02:12
da964d6c-ecdf-4bbc-b3a7-7c898a3e1f8e,devotes.legal,available,71.99,71.99,medium,low,7,namesilo,,,20/09/2026 02:04
35f67a55-d41f-418b-8bcc-f49ac25ecabd,commotion.legal,available,71.99,71.99,high,low,9,namesilo,,,24/09/2026 16:36
0a3f0de7-f47e-4ff8-93bf-bd4762cbfe91,spaghetti.legal,available,71.99,71.99,high,low,9,namesilo,,,28/09/2026 15:23
7fba5235-d36c-42ee-9767-c069f82b0f5d,xcii.legal,available,9.99,92.99,medium,low,4,name.com,,,
eb23a703-ec3a-4581-9e8f-11f3b70a5c8a,unstated.legal,available,71.99,71.99,medium,low,8,namesilo,,,12/09/2026 09:45
70da5965-4472-4f63-a02a-6213373c3cfd,footage.legal,available,121.99,121.99,high,low,7,godaddy,,,28/09/2026 01:55
143f54cf-b778-4983-adbb-5f4aede62617,stinky.legal,available,9.99,92.99,high,low,6,name.com,,,13/08/2026 05:18
029ae85f-d929-4f0e-a010-5fa5ec056c7d,traumatic.legal,available,74.98,88.98,medium,low,9,namecheap,,,11/09/2026 19:03
3ad37692-f69c-4051-aa4c-6a7e6ea6f3a7,hair.legal,available,55.2,55.2,high,low,4,cloudflare,,,29/09/2026 20:14
ff8f43cc-5ff5-4cc8-9a0e-baa1bb3e8f06,sections.legal,available,55.2,55.2,medium,low,8,cloudflare,,,29/09/2026 05:14
b539604f-8e3a-4521-9451-a2e98be6f143,unrealized.legal,available,71.99,71.99,medium,low,10,namesilo,,,12/09/2026 11:00
a7a7f9fd-ba47-43ed-b3f1-e2d2473b13d5,stodgy.legal,available,9.99,92.99,medium,low,6,name.com,,,18/08/2026 10:04
0780f040-f73f-43d2-afe9-d6008b8099c9,spaceward.legal,available,71.99,71.99,medium,low,9,namesilo,,,16/09/2026 05:42
c1a8ec28-9c1a-4661-b9f1-d76034740498,alky.legal,available,9.99,92.99,medium,low,4,name.com,,,
2dfe38c3-c4ef-440d-aba0-6f41553a7f1a,idempotent.legal,available,9.99,92.99,medium,low,10,name.com,,,21/08/2026 18:03
306c750e-37de-43a0-bea8-0a2d1f090862,edison.legal,available,5.57,59.07,high,low,6,dynadot,,,29/09/2026 00:45
80143f99-a60d-46ae-8323-9c7191fa6dcb,cutter.legal,available,5.66,57.16,medium,low,6,porkbun,,,28/09/2026 13:49
c52e092e-54d0-4f51-8660-fab7b083ba09,visited.legal,available,57.13,57.13,high,low,7,spaceship,,,01/10/2026 19:56
3f7efd30-8850-463a-9ff6-41eb66ec541e,mie.legal,available,74.98,88.98,medium,low,3,namecheap,,,30/09/2026 13:22
bd70af62-b7d1-41a1-a2ef-e6d7a0b33168,amnios.legal,available,71.99,71.99,medium,low,6,namesilo,,,18/09/2026 22:26
f1a01609-d1ca-4a75-8dec-5a1e35c064b7,interred.legal,available,9.99,92.99,medium,low,8,name.com,,,11/08/2026 10:36
ca2db62d-6590-4de3-85f6-d6954c131103,burdensome.legal,available,9.99,92.99,medium,low,10,name.com,,,11/08/2026 10:29
31a8e3f2-5845-4a4a-b951-c69de4fb8700,discipline.legal,available,9.99,92.99,high,low,10,name.com,,,19/09/2026 11:34
6d81decb-e9be-4d14-965e-45413d398fc7,mattresses.legal,available,71.99,71.99,medium,low,10,namesilo,,,20/09/2026 14:45
e73d7486-cb11-4fb0-bd28-43ed0a41f4a7,whisking.legal,available,57.13,57.13,medium,low,8,spaceship,,,01/10/2026 23:58
daacb6b9-d5b3-46ba-bcec-aa03d29ffc78,gawky.legal,available,9.99,92.99,medium,low,5,name.com,,,12/08/2026 13:06
589cb4ac-b26c-4754-9037-136be43a6153,parliament.legal,available,5.66,57.16,high,low,10,porkbun,,,29/09/2026 07:49
68b0c438-0dd3-425e-8628-72e6efcbd4d9,subclavian.legal,available,71.99,71.99,medium,low,10,namesilo,,,10/09/2026 23:40
22acff5c-285f-4a56-bffb-5566873b4ef0,exiled.legal,available,55.2,55.2,medium,low,6,cloudflare,,,30/09/2026 15:40
278c6221-0dd1-40a4-98e8-fce4bf1db7cf,procter.legal,available,71.99,71.99,medium,low,7,namesilo,,,29/09/2026 04:27
dff1780c-8f0c-4c3b-93c4-31314609b34e,blanquillo.legal,available,71.99,71.99,medium,low,10,namesilo,,,24/09/2026 04:04
b5089c3c-31a3-4b20-a63e-c1653f54c7c6,asepsis.legal,available,71.99,71.99,medium,low,7,namesilo,,,19/09/2026 15:02
c7505448-7626-4014-9d23-59c7190e96a0,aerobiotic.legal,available,9.99,92.99,medium,low,10,name.com,,,
96847fe7-1515-42ca-8ff5-d948a437a338,plough.legal,available,71.99,71.99,medium,low,6,namesilo,,,23/09/2026 14:29
a8c38d60-1d7c-4e8e-9be0-42b879a09301,bolshevik.legal,available,9.99,92.99,high,low,9,name.com,,,10/08/2026 17:50
2129510e-c6e6-4869-8008-6ceae1d6d1b9,vitalizing.legal,available,9.99,92.99,medium,low,10,name.com,,,23/08/2026 01:35
03abc699-cb02-4741-81ae-d21eb9500873,thucydides.legal,available,5.57,59.07,medium,low,10,dynadot,,,30/09/2026 18:58
bc843d79-8858-43c5-8aee-2f496d8dc5c1,eliminating.legal,available,71.99,71.99,medium,low,11,namesilo,,,30/09/2026 14:26
c189e194-d75e-4812-8945-8c52050bf0ae,meningitis.legal,available,57.13,57.13,medium,low,10,spaceship,,,02/10/2026 16:05
7a174378-457c-407c-b6f2-7c43765b1ff0,asklepios.legal,available,71.99,71.99,medium,low,9,namesilo,,,17/09/2026 13:21
0c8f4f16-7db8-45e3-b143-2201b8cb545a,ordinary.legal,available,71.99,71.99,high,low,8,namesilo,,,26/09/2026 00:20
b42a48a2-ecab-4d18-85b5-2b40c0235cad,threesome.legal,available,9.99,92.99,high,low,9,name.com,,,
fb4fd21a-7301-4b4c-b4b3-820f6da92547,tripartite.legal,available,71.99,71.99,medium,low,10,namesilo,,,11/09/2026 14:23
de02ba43-6c6e-403f-ab35-214fb2361519,muted.legal,available,9.99,92.99,high,low,5,name.com,,,21/08/2026 15:56
a2ec7b8b-a4d3-477e-be10-075b1e839555,household.legal,available,5.57,59.07,high,low,9,dynadot,,,29/09/2026 18:57
363908b6-837f-4d4a-b8d8-548c86c28fb4,blanc.legal,available,71.99,71.99,high,low,5,namesilo,,,24/09/2026 03:47
92de0a0f-7f57-44b3-b831-8e6fd99c0419,groping.legal,available,9.99,92.99,medium,low,7,name.com,,,20/08/2026 20:18
2b50e9d0-2ae6-4a92-ba5e-d574076f4500,deadline.legal,available,5.57,59.07,high,low,8,dynadot,,,29/09/2026 13:23
09cfd344-de34-4c98-a6ae-0105d04a3ca8,nick.legal,available,121.99,121.99,high,medium,4,godaddy,,,28/09/2026 02:02
c06cad11-e330-4438-84ae-82d8acab5cba,uptill.legal,available,74.98,88.98,low,low,7,namecheap,,,16/09/2026 20:20
9e465eb8-aff8-47cc-9901-4c665186b086,sleek.legal,available,9.99,92.99,high,low,5,name.com,,,18/08/2026 09:13
07b90726-f8ad-41a8-946f-e77622afa30d,eruptive.legal,available,9.99,92.99,medium,low,8,name.com,,,17/08/2026 13:12
e68ea53c-0014-42ec-8477-3b2938a30d08,haunt.legal,available,71.99,71.99,high,low,5,namesilo,,,29/09/2026 07:08
10142fe7-b026-4312-a95c-229680f2748d,spatially.legal,available,71.99,71.99,medium,low,9,namesilo,,,16/09/2026 05:56
d0420e17-8ee9-44c2-a1f8-242ba9841a36,catclaw.legal,available,74.98,88.98,medium,low,7,namecheap,,,23/09/2026 23:59
e0a03257-4fb2-4c95-9346-c807f7972b9e,cdrom.legal,available,57.13,57.13,medium,low,6,spaceship,,,30/09/2026 16:37
3c59abdb-dd46-45a5-a466-b67637ee5baa,bluntly.legal,available,71.99,71.99,medium,low,7,namesilo,,,14/09/2026 00:39
5a27e10f-cae1-4ce6-8642-92f686140847,enclosure.legal,available,71.99,71.99,high,low,9,namesilo,,,30/09/2026 09:32
a9f6b0a3-b78f-4d9a-9e05-967d89a590da,loudoun.legal,available,5.57,59.07,medium,low,7,dynadot,,,29/09/2026 22:41
edb52930-f17c-4845-926c-f37b187524d2,countable.legal,available,9.99,92.99,high,low,9,name.com,,,13/08/2026 03:28
15ec8b72-9e5f-494a-819d-52244f067ead,arcanum.legal,available,71.99,71.99,high,low,7,namesilo,,,20/09/2026 01:37
3972708a-ea2c-420f-90e2-a3da558e6e9f,prosaic.legal,available,9.99,92.99,medium,low,7,name.com,,,21/08/2026 15:08
64d4f673-61b6-430e-9650-7cb8b68d1c19,fumes.legal,available,121.99,121.99,high,low,5,godaddy,,,30/09/2026 01:34
efd624fc-b6da-4aa0-a4c3-0b346bafc011,helping.legal,available,55.2,55.2,high,low,7,cloudflare,,,29/09/2026 22:38
e0dbf028-a2ee-4d89-9ac8-71dbba4ee894,improbable.legal,available,9.99,92.99,medium,low,10,name.com,,,21/08/2026 23:07
3953c12e-4d9d-4092-aa29-000255387757,pharaoh.legal,available,5.66,57.16,high,low,7,porkbun,,,30/09/2026 10:51
cfe170d7-2de6-4001-a1f0-944d5ad05375,magistrate.legal,available,71.99,71.99,high,low,10,namesilo,,,01/10/2026 02:56
a2afa70a-7d2c-42bf-8c8e-b5fe86e34dcc,lawns.legal,available,74.98,88.98,medium,low,5,namecheap,,,02/10/2026 03:26
5d0ff436-a8e8-4e31-8c2a-f9408e9df3f3,freighter.legal,available,71.99,71.99,medium,low,9,namesilo,,,02/10/2026 15:20
47546ebe-2747-446f-97e7-02e53b3ceca0,quimby.legal,available,57.13,57.13,medium,low,6,spaceship,,,03/10/2026 06:02
bdfb9e12-bced-4e9f-9fe9-334fdf10aa45,oppositions.legal,available,9.99,92.99,medium,low,11,name.com,,,20/09/2026 21:56
3981e2e1-10af-491d-9cd7-39f85c4a43bb,shoal.legal,available,71.99,71.99,high,low,5,namesilo,,,10/09/2026 05:46
489f6d1e-8cdd-4812-8ab6-f4278bb79d28,bandeau.legal,available,71.99,71.99,medium,low,7,namesilo,,,22/09/2026 01:04
b2feea23-fe93-4a40-9851-235bae24323e,trasimeno.legal,available,71.99,71.99,medium,low,9,namesilo,,,22/09/2026 16:12
a352bafa-5f01-46ec-9849-725f14c825b4,pitchy.legal,available,9.99,92.99,medium,low,6,name.com,,,12/08/2026 13:45
6837f173-f2a4-4a03-919c-35ce3b2d7bdf,nassau.legal,available,74.98,88.98,high,low,6,namecheap,,,29/09/2026 07:05
421c072c-35f0-4af3-9240-46f11832e0d9,debris.legal,available,5.57,59.07,medium,low,6,dynadot,,,28/09/2026 18:54
87a80044-ba8c-4b44-abd5-df83f581dce7,barrelfish.legal,available,71.99,71.99,medium,low,10,namesilo,,,22/09/2026 08:20
8e30a59d-b847-4e8a-956f-2f49a8e95e76,resistible.legal,available,71.99,71.99,medium,low,10,namesilo,,,09/09/2026 15:20
5e1e3caf-e9c6-40f7-9b7c-fe6b489129e5,treaties.legal,available,71.99,71.99,medium,low,8,namesilo,,,30/09/2026 15:10
01b483c2-00d5-4c68-ba53-95bd68af957f,nonslip.legal,available,71.99,71.99,medium,low,7,namesilo,,,03/09/2026 20:38
9310665d-23eb-483b-bd3f-bb09b6d010e7,alarmed.legal,available,9.99,92.99,medium,low,7,name.com,,,
245fcfd6-b38f-42ed-93bd-726e8822d47e,certified.legal,premium,512,512,high,low,9,namesilo,,,08/09/2026 15:28
aa6d84a3-b1f1-489b-b534-e073904ff39f,numeric.legal,available,9.99,92.99,high,low,7,name.com,,,03/09/2026 22:54
b2f9bf7a-5b82-4107-9b9c-718e09abf97c,remindful.legal,available,9.99,92.99,medium,low,9,name.com,,,17/08/2026 15:18
01331ffd-117a-4c7f-9784-0f1fe4210f87,possible.legal,available,71.99,71.99,high,low,8,namesilo,,,27/09/2026 04:44
ecff8642-3f6a-4872-9068-22b0bf227b6b,videotape.legal,available,5.57,59.07,high,low,9,dynadot,,,29/09/2026 08:17
f79abc8e-93bf-412e-b145-6a2311badcb6,vines.legal,available,71.99,71.99,medium,low,5,namesilo,,,29/09/2026 23:04
414218fe-4759-4fbe-b1c3-3c5397d30897,alummah.legal,available,71.99,71.99,medium,low,8,namesilo,,,18/09/2026 01:08
58d48ecc-44d3-4bd1-af90-0157f149fc07,symbolize.legal,available,57.13,57.13,high,low,9,spaceship,,,01/10/2026 04:25
35be7dbf-2988-4f3c-bf03-2be132fdf2a8,unheaded.legal,available,9.99,92.99,medium,low,8,name.com,,,12/09/2026 12:06
5d0cf87c-45b3-452a-b182-4e090cadf321,beans.legal,available,9.99,,high,low,5,name.com,,,
31b6c538-d277-44a1-a41b-76751eb6d205,utmost.legal,available,71.99,71.99,high,low,6,namesilo,,,24/09/2026 17:09
e86809a7-9d08-455a-8d4c-2489c6a4c8cc,underfoot.legal,available,74.98,88.98,medium,low,9,namecheap,,,16/09/2026 09:56
6d465d88-df86-47e8-a101-51c22556555a,volary.legal,available,71.99,71.99,medium,low,6,namesilo,,,21/09/2026 09:24
9f3952a5-fca2-4fc6-b5d2-8ce630e65c28,organization.legal,available,71.99,71.99,high,low,12,namesilo,,,02/10/2026 23:35
2137a911-fc54-42aa-8a8a-41d703d0ea4b,overage.legal,available,74.98,88.98,medium,low,7,namecheap,,,04/09/2026 19:59
0271ba18-a5d6-4e99-9c2a-8f2eaea9347b,castleton.legal,available,57.13,57.13,medium,low,9,spaceship,,,02/10/2026 20:54
fb0cda8d-cc76-41cc-ad51-39e9bc5d4df5,capitalist.legal,available,9.99,92.99,high,low,10,name.com,,,11/08/2026 17:55
37dc6ac6-e5e4-4f7b-a411-baa685ab59dc,montfort.legal,available,121.99,121.99,medium,low,8,godaddy,,,30/09/2026 01:27
48c076ea-5582-4a93-b61c-e38d7f18ba4e,hourlong.legal,available,9.99,92.99,medium,low,8,name.com,,,21/08/2026 14:22
c7f87cdc-fb88-468c-9065-43054f456764,violence.legal,available,71.99,71.99,high,low,8,namesilo,,,27/09/2026 03:55
669d1e9c-3148-43f3-a390-9978de8cdd5f,pending.legal,available,74.98,88.98,high,low,7,namecheap,,,27/09/2026 03:20
f49f3043-65b1-4dff-a804-a67647dee1d5,disease.legal,available,57.13,57.13,high,low,7,spaceship,,,29/09/2026 15:40
34843fc9-d76e-4849-a317-29d825e83bea,wcc.legal,available,57.13,57.13,medium,low,3,spaceship,,,02/10/2026 11:00
e6235391-4b0e-4711-a528-14e5421d22ba,judea.legal,available,55.2,55.2,medium,low,5,cloudflare,,,29/09/2026 07:23
d0f84bdf-320b-42e9-af75-d66294b20c71,adversity.legal,available,71.99,71.99,high,low,9,namesilo,,,17/09/2026 10:54
0f925226-bc76-4cd6-9e2a-1d8ffcb95e4a,botanic.legal,available,9.99,92.99,high,low,7,name.com,,,10/08/2026 20:46
fff65158-dbb5-47ca-b810-10fb10346a47,led.legal,available,57.13,57.13,high,low,3,spaceship,,,30/09/2026 02:42
17748794-c5b8-4227-ba4e-70c8ecb1eb7a,outliers.legal,available,57.13,57.13,medium,low,8,spaceship,,,02/10/2026 03:25
e8dbb345-e6c7-4594-b397-0780d28c545c,radiation.legal,available,71.99,71.99,high,low,9,namesilo,,,17/09/2026 04:59
ce06def0-9ad3-450a-bcc4-77655c424244,dynamics.legal,available,5.57,59.07,high,low,8,dynadot,,,29/09/2026 12:07
821547f3-b867-4301-97c3-43424f60d7be,varese.legal,available,71.99,71.99,medium,low,6,namesilo,,,03/10/2026 00:34
9685d19a-6888-497d-9b63-2e7b13d3fb45,bahamian.legal,available,9.99,92.99,medium,low,8,name.com,,,08/08/2026 08:31
f320cbca-044f-479c-a7d9-e91e2f98a80b,coordinated.legal,available,71.99,71.99,high,low,11,namesilo,,,30/09/2026 03:56
46186af6-ed10-4cc5-8a67-94a036646c28,bacchus.legal,available,74.98,88.98,high,low,7,namecheap,,,21/09/2026 14:02
d98eb1eb-8c57-4b47-b692-261b3e9319d2,alkyd.legal,available,71.99,71.99,medium,low,5,namesilo,,,18/09/2026 08:33
2057add2-f17e-4e86-89d9-b4b4a7ffbcf3,enquirer.legal,available,71.99,71.99,high,low,8,namesilo,,,20/09/2026 14:24
614224c6-560a-47d4-b624-f4672ca08679,congratulate.legal,available,5.66,57.16,high,low,12,porkbun,,,29/09/2026 03:02
925564ea-9af0-46ed-8573-e27c1fababba,shipowner.legal,available,55.2,55.2,medium,low,9,cloudflare,,,01/10/2026 21:39
af896f38-b641-4da0-a476-2b76a1b0c77f,josephine.legal,available,71.99,71.99,high,low,9,namesilo,,,28/09/2026 12:04
15eaf1b7-0f35-4706-ad8d-0f22844bc4aa,grossly.legal,available,71.99,71.99,medium,low,7,namesilo,,,14/09/2026 22:29
919257e8-047a-4b4b-9bff-2b200cca03c3,feeder.legal,available,9.99,92.99,high,low,6,name.com,,,12/08/2026 21:09
72a481c0-1dfb-48b3-b717-3c0392a66c06,modernisation.legal,available,57.13,57.13,high,low,13,spaceship,,,30/09/2026 23:56
f3c4bcf7-7d4d-4e0e-bd11-64b3b9a1f59b,claxon.legal,available,71.99,71.99,medium,low,6,namesilo,,,23/09/2026 01:29
c7751e0b-ddca-4302-8e17-3ba55980ac74,rice.legal,resell,9.99,,high,low,4,Dynadot Inc,21/05/2026 11:19,21/05/2027 11:19,02/10/2026 10:28
7ee4b694-beb1-420a-be38-7d3df94d7ca4,adjust.legal,available,71.99,71.99,high,low,6,namesilo,,,28/09/2026 11:09
85844dd0-02c6-40e4-8b1e-a5cdefe1e9ab,spoiled.legal,available,71.99,71.99,medium,low,7,namesilo,,,10/09/2026 16:20
f7b687c0-e19c-4e79-bfdd-f3052c46fe9d,fms.legal,available,57.13,57.13,high,low,3,spaceship,,,30/09/2026 13:03
8847ed20-8d49-42d4-84e3-875a44451167,whiz.legal,available,74.98,88.98,high,low,4,namecheap,,,21/09/2026 18:01
aa93f920-c2db-4d6e-bc76-8c18fc4fa623,annwn.legal,available,74.98,88.98,medium,low,5,namecheap,,,19/09/2026 11:09
4c5ddf34-7153-40f4-96c7-5d0fd9a4e119,lipstick.legal,available,71.99,71.99,high,low,8,namesilo,,,02/10/2026 05:27
77ac7663-7468-4c7d-ae61-de35a1f58cae,defeat.legal,available,71.99,71.99,medium,low,6,namesilo,,,27/09/2026 12:58
abd887e3-60b3-4ec5-ad8a-c0495bec882e,incline.legal,available,71.99,71.99,high,low,7,namesilo,,,29/09/2026 23:48
c9258d80-2b36-472d-a991-38ffdbffed07,allograph.legal,available,71.99,71.99,medium,low,9,namesilo,,,18/09/2026 11:54
3b733b56-cfcd-4b2a-b82a-e90d1d6822f7,theodora.legal,available,71.99,71.99,medium,low,8,namesilo,,,30/09/2026 04:52
d049e04e-34da-479c-a887-074c9a0e4b6e,pickle.legal,available,71.99,71.99,high,low,6,namesilo,,,29/09/2026 06:57
efe0a06a-c675-4f2d-a939-4bfdafa99219,thrift.legal,available,74.98,88.98,high,low,6,namecheap,,,27/09/2026 03:24
839548f7-d016-4db3-bb5f-13ebe547e104,mink.legal,available,57.13,57.13,high,low,4,spaceship,,,01/10/2026 03:00
772223c6-f8b7-4243-a502-5fd25bee159f,laurent.legal,available,71.99,71.99,medium,low,7,namesilo,,,27/09/2026 09:55
4a225581-702c-45a3-af8a-b5890e037750,festive.legal,available,9.99,92.99,high,low,7,name.com,,,18/08/2026 02:14
162be3eb-fbff-4476-8e29-6862a6cc5267,bata.legal,available,71.99,71.99,medium,low,4,namesilo,,,22/09/2026 13:09
f46898dd-60a9-4d18-a6b4-58e975cf869c,thaw.legal,available,9.99,92.99,high,low,4,name.com,,,24/08/2026 19:45
c35de8b3-489c-46f4-a080-7419c58e5a57,broadleaf.legal,available,9.99,92.99,high,low,9,name.com,,,11/08/2026 04:57
e61a8180-17b2-48c9-a65e-d640d10b91bc,peggy.legal,available,71.99,71.99,high,low,5,namesilo,,,25/09/2026 13:02
d2918dc4-f094-4196-94a2-72921d8f0729,velocities.legal,available,71.99,71.99,medium,low,10,namesilo,,,18/09/2026 19:40
c8bfb7f2-ed71-4503-9e32-f4a53f854d97,oafish.legal,available,9.99,92.99,medium,low,6,name.com,,,10/08/2026 19:32
142027ce-fc3b-494d-bccf-07a868057eaa,stormy.legal,available,57.13,57.13,medium,low,6,spaceship,,,28/09/2026 01:11
06dda1f7-9de3-4826-bc3b-fbae5b678494,spills.legal,available,57.13,57.13,medium,low,6,spaceship,,,02/10/2026 22:44
e6a4862f-68ab-4da6-8b1e-34ab7d12acfb,nominate.legal,available,55.2,55.2,high,low,8,cloudflare,,,29/09/2026 20:40
e48dd206-4fc1-4bcb-9f72-cb063d270aca,maunder.legal,available,71.99,71.99,medium,low,7,namesilo,,,23/09/2026 23:31
e14c2630-1576-4fe8-8c03-081d84e7a2e0,bader.legal,available,57.13,57.13,high,low,5,spaceship,,,29/09/2026 21:34
8b9a0e61-ecdc-4a1e-96fc-b08b4a554690,coherent.legal,available,9.99,92.99,high,low,8,name.com,,,12/08/2026 16:00
8ba30543-4bbf-49ef-9412-318ebf83819f,threadfish.legal,available,74.98,88.98,medium,low,10,namecheap,,,18/09/2026 04:49
efa4f3e0-5b20-4867-86f5-e1a1f98feb94,olfactory.legal,available,9.99,92.99,high,low,9,name.com,,,04/09/2026 02:12
80450fa9-61b8-4591-8704-8e3edc5c8654,expose.legal,available,71.99,71.99,high,low,6,namesilo,,,29/09/2026 16:08
08313c4f-3d47-45a0-ac49-78f355d5604a,calmly.legal,available,71.99,71.99,high,low,6,namesilo,,,14/09/2026 05:04
3050b500-759c-4d5d-a41a-3f917b70f79b,flighty.legal,available,9.99,92.99,medium,low,7,name.com,,,18/08/2026 08:11
39e6c4e1-4249-42f6-8740-a78ceae9568b,hairless.legal,available,9.99,92.99,medium,low,8,name.com,,,20/08/2026 22:13
ccb40818-da03-4fee-b3df-d45e43758493,mccomb.legal,available,5.57,59.07,medium,low,6,dynadot,,,02/10/2026 20:13
aab60db0-3f20-47a3-9e4c-87d9aeae3fef,carrick.legal,available,74.98,88.98,medium,low,7,namecheap,,,30/09/2026 20:19
1990c237-97f8-4617-994d-701671a040ae,voices.legal,available,9.99,,medium,low,6,name.com,,,
87f628f1-25ad-4111-a950-9e474ce41182,demons.legal,available,71.99,71.99,low,low,6,namesilo,,,25/09/2026 21:42
582610ab-28ab-429e-8634-801f806b32fe,canteen.legal,available,74.98,88.98,high,low,7,namecheap,,,24/09/2026 12:09
6f730a06-1579-486a-b02e-01de369258f0,millionth.legal,available,9.99,92.99,medium,low,9,name.com,,,24/08/2026 23:25
fdbf77a9-6c35-42db-9792-f8ac8cf37983,ibn.legal,available,74.98,88.98,medium,low,3,namecheap,,,25/09/2026 21:32
c63efceb-fefb-4fbe-b404-1f535fe9519f,palatine.legal,available,71.99,71.99,medium,low,8,namesilo,,,04/09/2026 23:20
814d9197-4261-4704-8ca1-3f9501af0d14,unfolding.legal,available,71.99,71.99,high,low,9,namesilo,,,02/10/2026 06:37
4ffc233c-8945-42f8-88e4-ffa0cbeb1fba,wireless.legal,available,9.99,92.99,high,low,8,name.com,,,27/09/2026 09:37
f6cef4ac-574d-4c73-bc28-fc01ea9cfdb6,unwed.legal,available,71.99,71.99,medium,low,5,namesilo,,,12/09/2026 22:35
31e556a4-9bdf-4f67-8a25-ee4fd1a478eb,apodemus.legal,available,74.98,88.98,medium,low,8,namecheap,,,19/09/2026 18:19
1ea83eb4-3a28-4523-8881-a73b78e7977d,awny.legal,available,9.99,92.99,medium,low,4,name.com,,,08/08/2026 01:25
d477e175-0605-40fe-9739-fd783b132d31,droll.legal,available,9.99,92.99,medium,low,5,name.com,,,14/08/2026 19:39
ff4a6d57-b304-4e20-ae14-07f3f45d0f49,offerings.legal,available,71.99,71.99,medium,low,9,namesilo,,,18/09/2026 10:39
a9d01b9a-f1ab-423a-80a3-9a71713f722c,snyder.legal,available,9.99,92.99,high,low,6,name.com,,,25/09/2026 18:53
a2d735ee-b7fe-4046-8184-281da8625ddd,whammy.legal,available,9.99,92.99,medium,low,6,name.com,,,21/08/2026 07:39
dd1f4218-60fb-4448-afd4-2ccb9405ec4a,revokable.legal,available,71.99,71.99,medium,low,9,namesilo,,,09/09/2026 16:23
8c797519-74fe-4b46-9479-42a0c982f545,arvn.legal,available,57.13,57.13,medium,low,4,spaceship,,,30/09/2026 04:50
acb08042-4571-455e-98d5-20cdf337ae44,appalled.legal,available,9.99,92.99,medium,low,8,name.com,,,
c03fdd98-bbb9-4e5e-8f97-bdb21e3f0273,prepares.legal,available,71.99,71.99,medium,low,8,namesilo,,,30/09/2026 16:00
70de3ac7-8431-4bb9-8153-a9480a2010f2,seemingly.legal,available,74.98,88.98,medium,low,9,namecheap,,,13/09/2026 20:24
a9505699-1237-4b8d-82d3-a0eacae61986,leisurely.legal,available,9.99,92.99,high,low,9,name.com,,,14/08/2026 23:02
8b644669-4b25-4df7-a35c-7a47fab34cbd,priority.legal,available,71.99,71.99,high,low,8,namesilo,,,19/09/2026 12:40
720310af-31fe-43cf-9e4a-e5f72ad9d504,peking.legal,available,71.99,71.99,high,low,6,namesilo,,,23/09/2026 04:13
9e0cc84d-3665-421b-a17d-527c6dc16738,olga.legal,available,74.98,88.98,medium,low,4,namecheap,,,27/09/2026 01:37
da550ba0-c6ad-42a3-bee4-9ad54561ac24,baddie.legal,available,74.98,88.98,medium,low,6,namecheap,,,21/09/2026 16:59
5940b3b4-647b-4f23-ab26-152a9d217c09,blattodea.legal,available,71.99,71.99,medium,low,9,namesilo,,,24/09/2026 04:54
13c77cec-323c-428d-8dd1-516cec24f701,legislative.legal,available,57.13,57.13,high,low,11,spaceship,,,01/10/2026 07:23
32f2bbb4-6133-4d65-a77f-122d0c121cd4,brewery.legal,available,5.66,57.16,high,low,7,porkbun,,,28/09/2026 18:30
4da3369c-5105-49b3-83ae-7fe3d1e16a4d,beauregard.legal,available,74.98,88.98,high,low,10,namecheap,,,29/09/2026 21:40
b0afcaf3-6d99-4a24-bda9-e245b9b564db,tavistock.legal,available,71.99,71.99,medium,low,9,namesilo,,,02/10/2026 00:47
ca312eb4-cef6-420c-9ec5-41a593a2b569,manuscripts.legal,available,55.2,55.2,medium,low,11,cloudflare,,,01/10/2026 13:13
d19186ec-7780-4099-82c1-b27d69090f54,turbulence.legal,available,57.13,57.13,high,low,10,spaceship,,,29/09/2026 08:09
53ec458f-720c-4818-944e-6514bbaa3d61,knows.legal,available,57.13,57.13,high,low,5,spaceship,,,01/10/2026 18:35
9be664db-5a34-471b-a75f-3f22b74f5a5b,wheeled.legal,available,71.99,71.99,high,low,7,namesilo,,,13/09/2026 11:20
b34a4c7a-5898-4ece-af7b-2794d516c755,bataan.legal,available,74.98,88.98,medium,low,6,namecheap,,,22/09/2026 13:10
03d7e92f-c239-4c28-8be8-d6e2c5dcf16b,retrograde.legal,available,71.99,71.99,high,low,10,namesilo,,,09/09/2026 15:46
4318496c-7e72-4efc-9009-055177b8dd63,din.legal,available,9.99,92.99,medium,low,3,name.com,,,10/08/2026 13:17
b8b4ed89-8050-45a5-a088-d3130ad548cf,gravely.legal,available,71.99,71.99,medium,low,7,namesilo,,,13/09/2026 23:09
448df14d-a208-4ede-935e-704355556799,toni.legal,available,71.99,71.99,high,low,4,namesilo,,,27/09/2026 07:46
1f55bb4a-1769-4468-89f8-7fd2f687fba8,swazi.legal,available,71.99,71.99,high,low,5,namesilo,,,11/09/2026 05:27
79a881b4-6c08-4425-93d1-a0331b22bef6,commissioners.legal,available,5.66,57.16,low,low,13,porkbun,,,02/10/2026 02:36
3cda2608-1c53-4df1-9075-33358bdda186,pantry.legal,available,9.99,92.99,high,low,6,name.com,,,11/08/2026 11:54
c68dae07-5f47-4b07-8fe9-6f5ec367fd86,crib.legal,available,57.13,57.13,high,low,4,spaceship,,,29/09/2026 00:31
17a337f0-cc58-4948-b23f-fff9615f3a00,barlow.legal,available,57.13,57.13,high,low,6,spaceship,,,29/09/2026 03:31
5998bbbe-3ec0-4e6c-8b46-0614527e8e25,tier.legal,available,57.13,57.13,high,low,4,spaceship,,,30/09/2026 11:11
5f3be910-c29c-4d32-bffc-d6b25cc5b125,bacchanal.legal,available,9.99,92.99,high,low,9,name.com,,,08/08/2026 04:14
44043fe8-2254-4888-800d-f36647580797,parish.legal,available,55.2,55.2,medium,low,6,cloudflare,,,28/09/2026 20:07
04d4cca4-6be7-4429-b295-9e38b6d5584a,yamamoto.legal,available,55.2,55.2,medium,low,8,cloudflare,,,28/09/2026 19:31
786d6e8a-5831-4ca5-b33e-647ec2d75a2d,sheboygan.legal,available,55.2,55.2,medium,low,9,cloudflare,,,30/09/2026 05:39
4e91ce4d-7e9c-4205-b48f-81aa396fd933,bahasa.legal,available,71.99,71.99,medium,low,6,namesilo,,,21/09/2026 18:41
93578d6f-a447-4c84-bdf0-6902e53b8649,experimentally.legal,available,9.99,,medium,low,14,name.com,,,
dc033276-1ea0-4004-b46f-bf6dcca0a588,subdue.legal,available,71.99,71.99,high,low,6,namesilo,,,11/09/2026 07:44
432846ac-b1a5-4d5f-b152-7ebc5ae3ad4a,basophil.legal,available,74.98,88.98,medium,low,8,namecheap,,,22/09/2026 11:30
79b2b81d-fc98-4c32-a6e3-5797367bdcc2,aeneid.legal,available,74.98,88.98,medium,low,6,namecheap,,,17/09/2026 12:28
8c8646c9-a83b-448e-8317-4cc538856aa0,leakproof.legal,available,9.99,92.99,medium,low,9,name.com,,,22/08/2026 21:59
b49b939b-b8fc-4549-947a-19595c4cb73f,tomb.legal,available,55.2,55.2,medium,low,4,cloudflare,,,27/09/2026 16:05
d999a63c-14b1-438a-b34b-ab7f33083a62,paraplegic.legal,available,71.99,71.99,medium,low,10,namesilo,,,08/09/2026 01:10
ab59c897-87ba-4d9a-8bc4-e0358e5ba18f,equipped.legal,available,74.98,88.98,high,low,8,namecheap,,,24/09/2026 14:45
7bce7d05-9d13-4925-bdce-5730c97bae49,unshaken.legal,available,71.99,71.99,high,low,8,namesilo,,,12/09/2026 07:04
e3398129-b2ea-45c9-8454-a8038560412e,dirichlet.legal,available,5.57,59.07,medium,low,9,dynadot,,,01/10/2026 23:42
794aef6a-2665-42ac-b380-32ecbe7651cf,authorizer.legal,available,71.99,71.99,medium,low,10,namesilo,,,21/09/2026 05:13
750c54f8-3cc8-4cfb-9f15-b6437edb8685,loverly.legal,available,9.99,92.99,medium,low,7,name.com,,,24/08/2026 10:16
fd075e41-cf5e-49e4-853e-d4ead0aaba7e,callaway.legal,available,71.99,71.99,high,low,8,namesilo,,,29/09/2026 23:03
0e0d5b8d-2fab-40fe-add7-a4a434be8abe,bivalvia.legal,available,71.99,71.99,medium,low,8,namesilo,,,23/09/2026 23:16
42acdfb4-b18d-4a00-b5ac-f0cdae116d83,inbred.legal,available,9.99,92.99,medium,low,6,name.com,,,22/08/2026 00:42
f552edd3-4def-4e90-86b4-e341d9d2e525,neritic.legal,available,71.99,71.99,low,low,7,namesilo,,,03/09/2026 15:41
cbcf0d28-9854-4d51-8b4b-9902585faeac,venerating.legal,available,71.99,71.99,high,low,10,namesilo,,,09/09/2026 16:09
a701f07a-3d8e-411f-b241-ce8a778b4872,gutter.legal,available,57.13,57.13,high,low,6,spaceship,,,29/09/2026 12:59
3c3ac8de-a663-4ab4-a377-a67e0a3e44e7,encompass.legal,available,71.99,71.99,high,low,9,namesilo,,,03/10/2026 00:39
436b3e79-2ebc-4b5a-b098-9d7f84e0cb1b,pistons.legal,available,74.98,88.98,medium,low,7,namecheap,,,01/10/2026 00:56
bb284713-3171-40d5-ba5a-d59ca6630e6a,unadjusted.legal,available,71.99,71.99,medium,low,10,namesilo,,,11/09/2026 23:52
6dfb5bc1-8188-45fc-886b-a5dfb81c8a65,tracey.legal,available,71.99,71.99,medium,low,6,namesilo,,,28/09/2026 21:51
78e66ccd-c88c-4db2-913b-a0cf720b7707,benson.legal,available,71.99,71.99,high,low,6,namesilo,,,25/09/2026 15:16
b66e1316-6793-4c65-9565-ac45ccf4d6e6,shelby.legal,available,71.99,71.99,high,low,6,namesilo,,,25/09/2026 15:30
4254e374-c6bf-4b61-a6a9-b9feda5f0afe,characteristic.legal,available,9.99,,medium,low,14,name.com,,,
6176d9fd-ac10-417b-af5f-02e015940a79,winnie.legal,available,71.99,71.99,high,low,6,namesilo,,,29/09/2026 09:15
c912df74-f171-4746-849b-8b40ac3ce791,angell.legal,available,74.98,88.98,high,low,6,namecheap,,,29/09/2026 21:36
cece8aa7-4d54-4303-ae18-e40b8aeeb769,gloster.legal,available,71.99,71.99,medium,low,7,namesilo,,,03/10/2026 05:31
8ba6a8bc-3d96-4ca8-972e-008089c9d931,reptiles.legal,available,55.2,55.2,medium,low,8,cloudflare,,,30/09/2026 14:47
414c136a-49e4-49f2-b371-97778d3415c5,hectically.legal,available,74.98,88.98,medium,low,10,namecheap,,,14/09/2026 20:02
b3ab2ac2-2c9a-464d-8032-b31d1e992b1b,southeast.legal,premium,108.9,108.9,low,low,10,dynadot,,,28/09/2026 08:19
a773e4ba-9c04-4fb4-8b16-94b6f9ccd350,stints.legal,available,71.99,71.99,medium,low,6,namesilo,,,20/09/2026 14:23
6bda5098-f15f-4d89-9cc6-1d0e1900fdf4,boleyn.legal,available,74.98,88.98,medium,low,6,namecheap,,,19/09/2026 10:12
953538e5-cf79-4472-ba68-863532ff188f,witch.legal,available,9.99,92.99,high,low,5,name.com,,,21/08/2026 07:44
71a15810-ca2d-436c-861b-fd63b00083a0,armilla.legal,available,74.98,88.98,medium,low,7,namecheap,,,20/09/2026 07:02
7ac27471-fe3e-425f-bb28-1e0a6c5058c7,guerilla.legal,available,9.99,92.99,high,low,8,name.com,,,22/08/2026 10:15
136eb80a-cb61-4558-99c4-d8da5d3ff0b5,iglesias.legal,available,57.13,57.13,medium,low,8,spaceship,,,30/09/2026 17:40
826084da-0352-4c98-83b0-609eecdeeb7b,floored.legal,available,9.99,92.99,medium,low,7,name.com,,,18/08/2026 08:49
251a4d98-a5b3-4fb5-b5f4-2993f19268b1,hushed.legal,available,9.99,92.99,medium,low,6,name.com,,,21/08/2026 15:54
b08e0b95-ae49-49bb-a8f9-30d35cbce654,midnight.legal,available,74.98,88.98,high,medium,8,namecheap,,,25/09/2026 09:24
8c758ea5-55de-44c6-b1d6-02068489f36c,supplies.legal,available,55.2,55.2,medium,low,8,cloudflare,,,02/10/2026 19:15
0a4aae7e-f08e-40da-b871-7cb41759ac09,rahim.legal,available,71.99,71.99,high,low,5,namesilo,,,02/10/2026 23:23
c7f5cfbb-6fef-486b-a099-ee5ef168fc99,oxonian.legal,available,71.99,71.99,medium,low,7,namesilo,,,04/09/2026 22:32
98817082-1fbf-4369-a0a2-0e7dc2f16353,decreasing.legal,available,9.99,92.99,medium,low,10,name.com,,,13/08/2026 22:12
2e78eb66-dd3e-49e4-8586-9a203a829bf0,foucault.legal,available,74.98,88.98,medium,low,8,namecheap,,,28/09/2026 19:15
94f339fa-a1c0-44c0-888b-016decbd8c27,cloistered.legal,available,9.99,92.99,medium,low,10,name.com,,,12/08/2026 11:48
9fb86d23-3dd6-4e04-a40c-c2cfb5542c5c,lacking.legal,available,57.13,57.13,medium,low,7,spaceship,,,28/09/2026 10:18
bf2c6c1a-552b-4375-ad0c-b56eed4b2bf4,obtaining.legal,available,71.99,71.99,low,low,9,namesilo,,,30/09/2026 23:25
0edeeb78-d067-4d5d-9bb5-0d344bbd7c9a,leery.legal,available,9.99,92.99,medium,low,5,name.com,,,22/08/2026 22:26
fb769cde-689a-4ab5-a129-1e3e300acd64,miriam.legal,available,57.13,57.13,high,low,6,spaceship,,,28/09/2026 03:46
6b1db600-c779-4fe1-a56f-83aed5c87503,unproven.legal,available,71.99,71.99,medium,low,8,namesilo,,,12/09/2026 17:33
afa00e44-5937-43db-ba60-dd1afa63e49e,dermal.legal,available,9.99,92.99,high,low,6,name.com,,,13/08/2026 13:00
b865bb47-3f2f-43e1-8fb0-f4dce12d7aee,mentation.legal,available,71.99,71.99,medium,low,9,namesilo,,,11/09/2026 13:33
41f094f1-30b6-44c5-9471-3b397529b235,timorous.legal,available,71.99,71.99,medium,low,8,namesilo,,,11/09/2026 16:05
724caba4-4f9e-493e-85cd-95d7e8cb3467,disperse.legal,available,74.98,88.98,high,low,8,namecheap,,,29/09/2026 13:55
b32eb1cf-2954-47d1-b20f-4db966d19556,aton.legal,available,74.98,88.98,medium,low,4,namecheap,,,20/09/2026 20:06
e75f4b0d-f7b5-4441-8d87-8c6f2e29295c,maxine.legal,available,71.99,71.99,medium,low,6,namesilo,,,28/09/2026 22:02
d4555004-ad1f-4bbc-9b26-b46b3f3948e4,dissent.legal,available,57.13,57.13,high,low,7,spaceship,,,29/09/2026 16:15
52a91812-e2fa-4bc3-8481-ae65315d106a,vein.legal,available,71.99,71.99,high,low,4,namesilo,,,30/09/2026 04:35
a16b0291-d61c-48fb-bf6e-c5d18f1682be,waiting.legal,available,71.99,71.99,high,low,7,namesilo,,,27/09/2026 10:28
f3e16bc3-4fed-45d8-b3d3-bca3b3ffb99e,kev.legal,available,57.13,57.13,high,low,3,spaceship,,,29/09/2026 03:20
b5ea1447-32d0-498f-b404-bf1e2ecdfe5d,plumy.legal,available,9.99,92.99,medium,low,5,name.com,,,18/08/2026 00:25
4b022518-fbb0-4d8b-8467-fb4ed8df4bc3,yosef.legal,available,71.99,71.99,medium,low,5,namesilo,,,30/09/2026 22:02
d30ae6e7-c5e8-4290-a002-49bce8dfdd8e,ifr.legal,available,71.99,71.99,medium,low,3,namesilo,,,03/10/2026 05:17
806cbd8c-24ca-4302-b406-e550b43d3c1b,populus.legal,available,74.98,88.98,high,low,7,namecheap,,,01/10/2026 19:46
954a24b5-15a0-4854-b21d-e35505d40763,colchester.legal,available,71.99,71.99,medium,low,10,namesilo,,,28/09/2026 07:50
9aa65e26-f311-4f7e-b45f-f84e2d9d919d,pawn.legal,available,57.13,57.13,high,low,4,spaceship,,,28/09/2026 18:36
7183c0ed-616a-498f-aff5-94f1597003b0,studded.legal,available,71.99,71.99,medium,low,7,namesilo,,,10/09/2026 22:57
8329f75c-41a3-4b6f-bbe6-8b9acb7fbbbf,acores.legal,available,71.99,71.99,medium,low,6,namesilo,,,17/09/2026 02:16
4e546b5a-ab58-4c3d-8cb8-4f412ae11500,bhutani.legal,available,9.99,92.99,medium,low,7,name.com,,,09/08/2026 18:26
34db8d17-d6a1-4ec8-9ab0-bf87a2ab6abe,scottsdale.legal,premium,,,high,low,10,,,,29/09/2026 15:25
805145f0-2dec-4e4c-a9be-dd9e87b261ce,townsite.legal,available,57.13,57.13,high,low,8,spaceship,,,30/09/2026 12:32
f2802ed1-cf84-4442-904e-09d375ce8a79,junkyard.legal,available,5.57,59.07,high,low,8,dynadot,,,02/10/2026 15:52
f89b0e80-ffa2-4fab-ad33-4458f14fa540,szczecin.legal,available,71.99,71.99,medium,low,8,namesilo,,,03/10/2026 05:18
ba399a0b-4e38-441d-9d49-9733f36c1367,carniola.legal,available,57.13,57.13,medium,low,8,spaceship,,,03/10/2026 05:44
b65beaaf-f844-4172-a94f-695c6a3e5648,loyalist.legal,available,71.99,71.99,high,low,8,namesilo,,,10/09/2026 18:31
ff0fc8dc-07a3-40f5-9688-7db26a4998ac,brabble.legal,available,71.99,71.99,medium,low,7,namesilo,,,23/09/2026 13:20
fc45da8b-e183-4462-b7cb-b1adaa1b5dff,babbler.legal,available,71.99,71.99,high,low,7,namesilo,,,21/09/2026 12:25
8b63fb83-fbcd-49cd-a344-a52516f08f4a,assembling.legal,available,74.98,88.98,high,low,10,namecheap,,,20/09/2026 16:08
f824fd55-6e40-48eb-9923-6a5c74aafe54,counting.legal,available,71.99,71.99,high,low,8,namesilo,,,25/09/2026 04:26
69080e63-ab99-48e8-8c91-c3b311cd6a59,landed.legal,available,9.99,92.99,high,low,6,name.com,,,22/08/2026 19:22
fa51a673-5646-48a7-ab67-73484ec1d95b,manny.legal,available,55.2,55.2,high,low,5,cloudflare,,,28/09/2026 07:22
e1436cf3-ae66-4610-b5b1-e4120c222edc,atomiser.legal,available,71.99,71.99,medium,low,8,namesilo,,,21/09/2026 00:19
3f1bb507-afb4-400f-8eb9-f059eff57440,adios.legal,available,71.99,71.99,high,low,5,namesilo,,,28/09/2026 18:36
68e4187f-4200-46a4-94c2-94a99c9648f6,typo.legal,available,9.99,92.99,high,low,4,name.com,,,24/08/2026 07:23
eb20751e-2529-48c9-8f0e-ad0f85f926a3,lentils.legal,available,71.99,71.99,medium,low,7,namesilo,,,21/09/2026 05:31
74bec8a9-7e9a-4375-b01d-a93c7b7855f3,brainless.legal,available,9.99,92.99,medium,low,9,name.com,,,11/08/2026 01:41
e53ad072-0520-41d7-9cd5-31f9f36b0909,reciprocal.legal,available,71.99,71.99,high,low,10,namesilo,,,09/09/2026 11:29
1e5a8e46-310d-4b62-8cc0-ed1f78590ea1,infer.legal,available,57.13,57.13,high,low,5,spaceship,,,03/10/2026 02:29
5df7f57a-100c-4dac-89a1-ed25ed985fc4,resolvent.legal,available,71.99,71.99,medium,low,9,namesilo,,,10/09/2026 13:54
5e5d27a9-80db-4f58-939e-7311de1a6a52,precipitous.legal,available,57.13,57.13,medium,low,11,spaceship,,,02/10/2026 18:36
5cd6e54e-f518-49b7-b28e-35c69684ca5b,stabilized.legal,available,74.98,88.98,medium,low,10,namecheap,,,10/09/2026 17:54
690332f1-98e1-4699-ab8e-5ae453673df8,alkene.legal,available,71.99,71.99,medium,low,6,namesilo,,,18/09/2026 08:28
c819cb7b-6276-44a5-b853-77940a5d88e8,cantala.legal,available,74.98,88.98,medium,low,7,namecheap,,,17/09/2026 16:42
fa2df06f-1660-4dd7-9b66-17150aba1285,glassed.legal,available,9.99,92.99,medium,low,7,name.com,,,20/08/2026 14:07
d589ba3a-9c29-4371-94f0-c5423640b967,malden.legal,available,71.99,71.99,medium,low,6,namesilo,,,29/09/2026 15:07
ddfa1a72-7a3e-429d-8269-e410032431ad,continuo.legal,available,71.99,71.99,medium,low,8,namesilo,,,22/09/2026 12:27
d5bbc8c0-40b7-42ea-97b6-4c3854a00f75,fossorial.legal,available,9.99,92.99,medium,low,9,name.com,,,18/08/2026 13:21
b842047b-fd40-4623-95fa-2cf2e76348cb,snaky.legal,available,71.99,71.99,medium,low,5,namesilo,,,10/09/2026 04:47
8ac6faea-8399-49ec-94ad-cf85425e175e,editors.legal,available,71.99,71.99,medium,low,7,namesilo,,,29/09/2026 17:03
8eee96b1-c2b0-4ec5-8951-75f9521a6f23,dreadful.legal,available,71.99,71.99,high,low,8,namesilo,,,22/09/2026 15:15
eccbf999-070c-42d1-8862-1d4cc530c710,precast.legal,available,71.99,71.99,high,low,7,namesilo,,,16/09/2026 01:12
81036b12-eb64-4746-9594-cc99b7880767,pause.legal,available,57.13,57.13,high,low,5,spaceship,,,28/09/2026 06:34
21867042-9db3-4846-9074-4f19b8f6c45d,happier.legal,available,74.98,88.98,high,low,7,namecheap,,,18/09/2026 06:17
c52b7e92-b13b-4791-a941-5f58db350a02,reassurance.legal,available,57.13,57.13,high,low,11,spaceship,,,02/10/2026 22:11
0446817e-1275-4071-a7d0-5d70c88247f2,berith.legal,available,71.99,71.99,high,low,6,namesilo,,,23/09/2026 09:26
8ed8f66f-d17c-4c8a-a230-e0b20b5f3096,appeared.legal,available,71.99,71.99,medium,low,8,namesilo,,,27/09/2026 10:53
208fbc53-c79e-46f8-9612-5c1f269fd030,remain.legal,available,71.99,71.99,high,low,6,namesilo,,,30/09/2026 11:54
3f912e5c-3eec-47ce-81c6-84cc746ef5a5,tavern.legal,available,71.99,71.99,high,low,6,namesilo,,,28/09/2026 15:26
c2259b33-0ba6-4071-bafd-9079d38d0038,annan.legal,available,57.13,57.13,medium,low,5,spaceship,,,30/09/2026 05:28
4636a763-8292-4254-9420-dfbd8741e783,show.legal,available,74.98,88.98,high,low,4,namecheap,,,24/09/2026 16:06
da4797d1-3214-44b8-8003-7a8d17df99d2,fla.legal,available,57.13,57.13,high,low,3,spaceship,,,02/10/2026 09:29
990bc4f4-14a6-40e0-93e1-fdb57979ad8c,derisory.legal,available,9.99,92.99,medium,low,8,name.com,,,14/08/2026 02:56
76791857-2010-4359-b7ef-586726ed1051,bds.legal,available,57.13,57.13,high,low,3,spaceship,,,30/09/2026 05:27
078dc468-5a5c-4c0f-a92c-5ee7f51241af,erfurt.legal,available,71.99,71.99,high,low,6,namesilo,,,30/09/2026 13:16
762a26c6-0140-4d09-9082-79e21a046c91,clutter.legal,available,5.66,57.16,medium,low,7,porkbun,,,01/10/2026 18:58
85824ab2-62ce-419f-87f5-3b91e7f7fa78,glasshouse.legal,available,9.99,92.99,high,low,10,name.com,,,20/08/2026 19:52
0d8f349e-0d67-44cb-af9f-c28b92a76959,playoffs.legal,available,57.13,57.13,medium,low,8,spaceship,,,30/09/2026 15:19
cb13347a-e502-43e2-8033-08f842e591e0,walkabout.legal,available,57.13,57.13,high,low,10,spaceship,,,02/10/2026 18:03
f18aa86b-166e-4fb2-9c23-b3ef75152bba,borrow.legal,available,5.66,57.16,high,low,6,porkbun,,,30/09/2026 16:13
30f473d9-3577-4c6c-bdb1-eb5831764793,articles.legal,available,71.99,71.99,high,low,8,namesilo,,,28/09/2026 04:25
81fa3602-8135-4291-bfb0-c9b92e5d48c7,chloride.legal,available,71.99,71.99,medium,low,8,namesilo,,,30/09/2026 09:09
1c060ba6-1c67-4cda-af29-d977d68ae999,install.legal,available,57.13,57.13,high,low,7,spaceship,,,30/09/2026 20:22
7e380ec9-8f2c-4256-9411-51fa63d7122a,exothermal.legal,available,9.99,92.99,medium,low,10,name.com,,,17/08/2026 17:47
eabc04e4-b53e-4c59-95c3-8e6f761bedb3,wheat.legal,available,57.13,57.13,high,low,5,spaceship,,,28/09/2026 06:34
fdc386a2-cca5-4121-9544-2797f9cf6204,secrets.legal,available,9.99,92.99,medium,low,7,name.com,,,25/09/2026 19:59
5072c04f-ef25-40b4-9170-0a390240b61d,pomona.legal,available,57.13,57.13,medium,low,6,spaceship,,,03/10/2026 05:45
c410ef04-4432-407d-8dfc-6bf2acd5c5a8,cancel.legal,available,57.13,57.13,medium,low,6,spaceship,,,29/09/2026 06:25
510299b4-8a54-471c-9570-20fdb7739787,battler.legal,available,9.99,92.99,medium,low,7,name.com,,,09/08/2026 13:32
ecf4d8d9-8920-4a45-902a-9ff7e12ca7fd,archibald.legal,available,71.99,71.99,medium,low,9,namesilo,,,25/09/2026 18:45
b2ea3611-7c94-46a1-8052-0461a9be59d6,edwin.legal,available,74.98,88.98,medium,low,5,namecheap,,,25/09/2026 05:17
a6e760b6-cbbc-48cf-9cf6-db94be06b304,kidding.legal,available,5.57,59.07,high,low,7,dynadot,,,29/09/2026 03:02
f4b61e10-d417-43c0-91b1-6b8868d157d2,condor.legal,available,74.98,88.98,high,low,6,namecheap,,,24/09/2026 17:10
2e1f77c9-4e89-435a-8f74-ff89f04190c2,jared.legal,available,9.99,92.99,high,low,5,name.com,,,27/09/2026 11:10
14199039-481e-4538-8d9e-f344b2914763,cadaverous.legal,available,9.99,92.99,medium,low,10,name.com,,,10/08/2026 18:51
b38fcb25-5887-461b-b603-26bfa56a924c,puck.legal,available,71.99,71.99,high,low,4,namesilo,,,30/09/2026 10:09
e86b4bc5-44be-42dd-a9f8-7cbad51dd531,shoddy.legal,available,9.99,92.99,medium,low,6,name.com,,,12/08/2026 03:27
fc8c8e26-76e8-4fd5-a173-b9ac6fa6c789,actinide.legal,available,9.99,92.99,medium,low,8,name.com,,,
b0cddc20-d471-46d9-9afa-9151bc49b69b,jargon.legal,available,71.99,71.99,high,low,6,namesilo,,,13/09/2026 04:10
eb2050a9-b0ee-47d4-a3aa-2357f3a2f49d,racers.legal,available,57.13,57.13,medium,low,6,spaceship,,,01/10/2026 18:02
3d38f0f2-6763-48b4-8d34-a98ed197c292,antifreeze.legal,available,71.99,71.99,medium,low,10,namesilo,,,19/09/2026 14:23
4442c4ec-0243-4d0a-a7e5-ff2c7f4ab7d8,wally.legal,available,5.66,57.16,high,low,5,porkbun,,,02/10/2026 06:39
84f69ba0-8eff-447e-bcb5-45e22a5e57fc,concession.legal,available,71.99,71.99,high,low,10,namesilo,,,24/09/2026 17:04
01f66523-d2c6-4923-9d18-ba94a6fc71dd,applewood.legal,available,71.99,71.99,medium,low,9,namesilo,,,19/09/2026 21:44
a8e6091b-5f59-4848-8210-080dc8cfd52c,conveyed.legal,available,71.99,71.99,medium,low,8,namesilo,,,02/10/2026 01:56
447ba6cc-3cc7-46a3-8e63-fa91d6f1369b,furrowed.legal,available,9.99,92.99,medium,low,8,name.com,,,18/08/2026 18:55
94b654f8-9c8b-4869-aba1-763c5ac992f2,skinned.legal,available,71.99,71.99,high,low,7,namesilo,,,10/09/2026 09:44
2f15ff24-b01d-4f86-acbc-992c6a4dda60,haircuts.legal,available,71.99,71.99,medium,low,8,namesilo,,,21/09/2026 07:16
cda378c0-97c1-45b3-a651-3daf4f5aa079,detectives.legal,available,57.13,57.13,medium,low,10,spaceship,,,28/09/2026 05:09
598fb077-5d77-48e0-b91e-afe1c52de6bb,forgiven.legal,available,71.99,71.99,medium,low,8,namesilo,,,29/09/2026 04:41
bbf696ff-ffb1-4814-af8f-c5da62bda93f,approaches.legal,available,71.99,71.99,high,low,10,namesilo,,,01/10/2026 16:38
3d43f677-335a-4c0c-8ff0-94092fbbffc4,modified.legal,available,9.99,92.99,high,low,8,name.com,,,25/08/2026 03:15
2837ed04-424d-4ca0-8356-b107bd72a02f,child.legal,available,74.98,88.98,high,low,5,namecheap,,,25/09/2026 20:33
347f4f86-7fdd-4baa-a40a-7746d4f020b8,moisture.legal,available,71.99,71.99,high,low,8,namesilo,,,13/09/2026 11:06
5a6f110b-7fc9-4a48-8d83-af3c7453dbcb,straight.legal,available,9.99,92.99,high,low,8,name.com,,,14/08/2026 08:46
cfc72eb1-a070-4f19-8f14-21422e948345,framed.legal,available,9.99,92.99,high,low,6,name.com,,,18/08/2026 14:04
8452ebe7-4630-4b3e-a585-85279b9b06e2,upholstery.legal,available,71.99,71.99,high,low,10,namesilo,,,01/10/2026 22:01
df4a61b2-621f-4da8-8f07-c54b5f15ca58,jewelry.legal,available,57.13,57.13,high,low,7,spaceship,,,30/09/2026 00:51
b11dc854-386c-42d5-bbd6-ba763bb10874,oversight.legal,available,57.13,57.13,high,low,9,spaceship,,,29/09/2026 23:43
a3d82ac5-dd82-4353-b326-12cdabd7dc76,paschal.legal,available,71.99,71.99,medium,low,7,namesilo,,,08/09/2026 02:20
cf4bdc1c-99d3-4f58-bf25-66ec08dc697c,knocks.legal,available,71.99,71.99,medium,low,6,namesilo,,,20/09/2026 13:49
9cf12c19-f667-4665-874d-6ab3fc1d8c5b,outlines.legal,available,71.99,71.99,medium,low,8,namesilo,,,02/10/2026 03:08
080aabb1-e046-48f8-911a-b0970c07911c,lenore.legal,available,55.2,55.2,medium,low,6,cloudflare,,,02/10/2026 09:08
162c9ca4-ad0b-4ff5-9fc7-c606a4f1d6e4,towards.legal,available,5.66,57.16,high,low,7,porkbun,,,01/10/2026 19:05
ba84def4-ab96-45fc-84eb-1f457594ec03,malefic.legal,available,9.99,92.99,medium,low,7,name.com,,,24/08/2026 13:50
38d217d8-ccf5-43a7-addb-f5f638492a53,horrors.legal,available,71.99,71.99,medium,low,7,namesilo,,,30/09/2026 00:17
e80e7154-46aa-498c-b320-62f63b7394de,garde.legal,available,71.99,71.99,high,low,5,namesilo,,,01/10/2026 22:37
d7ba6de1-dedd-45cc-b9bc-ee7e9efc5554,roddy.legal,available,74.98,88.98,medium,low,5,namecheap,,,30/09/2026 20:26
6c2cdac1-c41e-445a-817e-95800f8dad8c,keyser.legal,available,71.99,71.99,medium,low,6,namesilo,,,01/10/2026 11:13
3a7c8446-f767-4ed4-99a8-2b6c81715153,actuarial.legal,available,9.99,92.99,medium,low,9,name.com,,,
9f7551c1-863f-481d-bb73-af7fc7996a25,heroine.legal,available,55.2,55.2,high,low,7,cloudflare,,,29/09/2026 07:16
c7288fdb-e4bf-40cf-a453-8f23172ab728,inclusive.legal,available,9.99,92.99,high,low,9,name.com,,,22/08/2026 01:35
1cdc5a4e-acb3-4f5c-866d-e8c89cc477f8,mentality.legal,available,57.13,57.13,medium,low,9,spaceship,,,29/09/2026 06:09
fd30781b-1865-451c-b8bf-0cbc9d3131b7,confiscated.legal,available,71.99,71.99,low,low,11,namesilo,,,29/09/2026 11:03
08bc07d4-5b85-4a2e-b02c-7b27baf02d38,patio.legal,available,5.57,59.07,high,low,5,dynadot,,,29/09/2026 13:40
2d573c56-aa44-43a1-8fa6-cf9cff3155c9,charlevoix.legal,available,71.99,71.99,medium,low,10,namesilo,,,03/10/2026 06:00
82f57072-170c-4fc1-987e-91173fb77751,phs.legal,available,71.99,71.99,medium,low,3,namesilo,,,30/09/2026 02:29
46946d9a-2d4a-48f2-b91e-0dac99e1526f,morgue.legal,available,9.99,92.99,medium,low,6,name.com,,,25/08/2026 06:42
f4b03fbb-bb14-4cf9-bf57-75323180b423,posterior.legal,available,9.99,92.99,medium,low,9,name.com,,,09/08/2026 11:12
e889674e-a597-47d3-9461-523117ce92fd,pressing.legal,available,71.99,71.99,high,low,8,namesilo,,,27/09/2026 05:26
e968fecc-e307-4124-91ac-18778be9cbc6,oncologic.legal,available,71.99,71.99,medium,low,9,namesilo,,,04/09/2026 14:25
f544d689-06e6-426b-a772-092a521d874d,winnebago.legal,available,57.13,57.13,high,low,9,spaceship,,,29/09/2026 14:09
531dd78a-2cb4-41fb-92e3-fa749d7cbb28,techie.legal,available,57.13,57.13,high,low,6,spaceship,,,03/10/2026 02:34
93e3a337-e6d3-4c1e-9b76-ebb2ddbcc952,detail.legal,available,74.98,88.98,high,low,6,namecheap,,,29/09/2026 14:10
b0044291-db88-4143-9e21-bfbff939f3e5,src.legal,available,71.99,71.99,high,low,3,namesilo,,,29/09/2026 08:26
46fd4f54-d782-45b4-bc62-2272366b3593,expository.legal,available,9.99,92.99,medium,low,10,name.com,,,17/08/2026 18:39
7ddd64d3-409b-426d-abe5-9b3afea642f8,dimensions.legal,available,74.98,88.98,medium,low,10,namecheap,,,29/09/2026 04:43
c1e9e248-67e3-4c7d-8c40-cdc8f80e98e8,perfidy.legal,available,71.99,71.99,medium,low,7,namesilo,,,23/09/2026 11:25
1faf19e6-4508-4800-9e90-53c605f7c912,wordless.legal,available,71.99,71.99,medium,low,8,namesilo,,,03/09/2026 11:53
9c1d4238-9bca-44d3-8213-5d3a0c6392cf,macaulay.legal,available,55.2,55.2,medium,low,8,cloudflare,,,28/09/2026 14:12
3ec618a8-4358-40af-b479-50dd1c214dfc,olympics.legal,available,57.13,57.13,high,low,8,spaceship,,,30/09/2026 06:06
cde01860-e484-4507-98fd-a8652b6f9717,hammers.legal,available,71.99,71.99,medium,low,7,namesilo,,,01/10/2026 08:09
a67dfb99-676e-432c-babf-fca0c0dde230,sneezed.legal,available,71.99,71.99,low,low,7,namesilo,,,20/09/2026 15:10
81347fc0-8415-42cf-a191-b06289209150,treelike.legal,available,9.99,92.99,medium,low,8,name.com,,,06/08/2026 14:01
0c96afeb-fb1d-4ad8-a155-21faac2965f8,confirmed.legal,available,74.98,88.98,high,low,9,namecheap,,,23/09/2026 19:53
b89893d6-6805-4967-aae7-5316dc7ad3db,busted.legal,available,71.99,71.99,medium,low,6,namesilo,,,23/09/2026 12:06
75583577-b0dd-4767-b31e-cc299a625ca9,adolphe.legal,available,5.57,59.07,medium,low,7,dynadot,,,30/09/2026 00:25
4975e06d-a4c0-4089-83de-0e2792bf72ee,antigenic.legal,available,9.99,92.99,medium,low,9,name.com,,,
66107889-a490-40af-b737-8dd773e87769,shute.legal,available,71.99,71.99,medium,low,5,namesilo,,,02/10/2026 16:11
5cc6065a-0bae-4bf0-b4ea-7d10d864416d,wrap.legal,available,71.99,71.99,high,low,4,namesilo,,,26/09/2026 00:32
c3b6fcfb-e2c4-4650-ac44-e8f5dd5ded14,barn.legal,available,74.98,88.98,high,low,4,namecheap,,,29/09/2026 01:11
e7a59774-21a2-47a1-b444-c9264efd1694,coaxial.legal,available,9.99,92.99,medium,low,7,name.com,,,12/08/2026 14:16
9e90884c-a52e-4222-a481-17bcce1546c7,conceivable.legal,available,55.2,55.2,high,low,11,cloudflare,,,02/10/2026 02:06
16cd0496-25d6-408c-bc85-b060e745ebd2,peckham.legal,available,71.99,71.99,medium,low,7,namesilo,,,30/09/2026 00:26
dca0c0b5-643b-478e-a53c-4e5cd3c7c729,peaty.legal,available,71.99,71.99,medium,low,5,namesilo,,,08/09/2026 11:28
3ec771fb-341e-422d-9d60-5ef0a732e34e,felted.legal,available,9.99,92.99,medium,low,6,name.com,,,18/08/2026 01:00
5a18792f-9ef8-482f-9592-acd42d106950,lachrymose.legal,available,9.99,92.99,medium,low,10,name.com,,,14/08/2026 15:34
311e3e97-b01b-4e89-b569-a29ccd16e27c,avery.legal,premium,242,242,high,low,5,namesilo,,,25/09/2026 15:31
c6728b40-443a-4392-b843-b57689412f7d,tiara.legal,available,71.99,71.99,high,low,5,namesilo,,,03/10/2026 02:14
03bceb17-9c35-42cd-9931-b71d7487fe83,linked.legal,available,71.99,71.99,high,low,6,namesilo,,,25/09/2026 13:54
3794e1c1-7d2a-49d8-bdd7-dfff207beb57,muscles.legal,available,5.66,57.16,medium,low,7,porkbun,,,27/09/2026 21:29
346de990-9bd9-4269-8cb3-c7c3425953ef,onshore.legal,available,9.99,92.99,high,low,7,name.com,,,22/08/2026 06:55
446342e4-e5b9-4841-ba79-b633da7eff06,frisbee.legal,available,74.98,88.98,high,low,7,namecheap,,,03/10/2026 00:50
bd23428a-964d-493e-86a8-1060a64c97d5,professors.legal,available,57.13,57.13,medium,low,10,spaceship,,,29/09/2026 11:19
567df798-a6a1-444e-9faa-f20cf9b91182,outre.legal,available,9.99,92.99,medium,low,5,name.com,,,10/08/2026 10:39
a3148680-a9c0-486d-b90e-e5a090520684,driveway.legal,available,71.99,71.99,medium,low,8,namesilo,,,28/09/2026 13:54
669a5a61-a297-4f70-8de4-e20a3f2afb79,scalar.legal,available,71.99,71.99,high,low,6,namesilo,,,09/09/2026 22:16
9568dabe-3633-4cdc-b60a-d6ea513c3e45,apologist.legal,available,74.98,88.98,high,low,9,namecheap,,,19/09/2026 18:45
cb5eac18-fc39-4f8d-8df2-2f27a6737008,botchy.legal,available,9.99,92.99,medium,low,6,name.com,,,10/08/2026 20:53
7b585ee6-2320-4870-af27-a4b4bb712b30,beefeater.legal,available,71.99,71.99,medium,low,9,namesilo,,,23/09/2026 01:09
88698bce-5e6a-489e-95b0-19f1d4f809f2,juniper.legal,available,57.13,57.13,high,low,7,spaceship,,,03/10/2026 00:55
d4ea4861-e440-49ec-8f52-fb6a4c7cf003,mendacious.legal,available,9.99,92.99,medium,low,10,name.com,,,24/08/2026 20:04
07c944c8-f3f6-4575-a8aa-090458d05698,cpp.legal,available,74.98,88.98,high,low,3,namecheap,,,01/10/2026 12:13
1339f327-c78e-45a5-9b5e-490d3d7420e3,hana.legal,available,55.2,55.2,high,low,4,cloudflare,,,29/09/2026 22:11
dc3fcf9d-3667-4c2f-88fd-c6e883ef58d1,managua.legal,available,57.13,57.13,medium,low,7,spaceship,,,30/09/2026 16:36
f48242f3-4792-417a-be7c-08c9e664b576,sailing.legal,available,71.99,71.99,high,low,7,namesilo,,,10/09/2026 00:37
8b5217ea-51b0-411e-a723-589773a1d385,tyrone.legal,available,5.66,57.16,high,low,6,porkbun,,,29/09/2026 20:57
34d32f97-1b46-45fb-8e97-f8e0f0e9cdca,renewed.legal,available,71.99,71.99,high,low,7,namesilo,,,09/09/2026 14:04
df25a149-ae4f-47a0-a5e8-ee57c49c3e1a,maguire.legal,available,71.99,71.99,high,low,7,namesilo,,,28/09/2026 04:17
5b5e0d92-aeab-40a7-95af-4eb579db6102,resonator.legal,available,55.2,55.2,high,low,9,cloudflare,,,02/10/2026 14:37
8b57650d-6e84-42a0-995f-67cca128e074,cost.legal,available,71.99,71.99,high,low,4,namesilo,,,29/09/2026 11:43
fcad2d57-2a28-487a-9750-790c6bed119d,yeltsin.legal,available,57.13,57.13,medium,low,7,spaceship,,,28/09/2026 22:09
229f6112-df70-433e-95a1-4535292ebc8a,senegalese.legal,available,71.99,71.99,medium,low,10,namesilo,,,10/09/2026 03:43
640998ec-db0d-4a16-974a-8004ffd96f23,miscreant.legal,available,71.99,71.99,medium,low,9,namesilo,,,09/09/2026 14:38
dc180999-7777-4ec9-a206-e1f53635975c,prove.legal,available,5.66,57.16,high,low,5,porkbun,,,30/09/2026 02:36
bfaee6dc-a7e4-4312-9b6c-ec98faaf165e,determined.legal,available,71.99,71.99,high,low,10,namesilo,,,24/09/2026 07:38
cf5d6df9-4649-4989-801e-632f62d6ffb5,schizoid.legal,available,9.99,92.99,medium,low,8,name.com,,,09/09/2026 23:09
64f8f1c5-00b9-496b-bdb4-8fa4821ddf0e,performs.legal,available,9.99,,medium,low,8,name.com,,,
76f7f37f-0bbe-4730-8ded-910968fef3df,tamaulipas.legal,available,57.13,57.13,medium,low,10,spaceship,,,30/09/2026 21:17
d7a2660e-3e54-41ab-9654-5d9db25f216f,racine.legal,available,57.13,57.13,high,low,6,spaceship,,,28/09/2026 02:12
c5228f1d-5596-4e5a-8bdd-00625af2a156,dani.legal,available,5.66,57.16,high,low,4,porkbun,,,29/09/2026 15:20
dce16adc-1d9c-44b7-9f37-1dffcd2add18,crate.legal,available,74.98,88.98,high,low,5,namecheap,,,24/09/2026 19:07
6e5fdb51-8362-4f4d-80db-977bcd7a1c17,hurd.legal,available,57.13,57.13,medium,low,4,spaceship,,,28/09/2026 22:24
fc21c420-515b-4224-ae46-4d371ef5b024,theatre.legal,available,74.98,88.98,high,low,7,namecheap,,,24/09/2026 23:54
66d9b199-3f75-4520-a9fe-67c39212abcd,nether.legal,available,9.99,92.99,high,low,6,name.com,,,12/08/2026 07:29
524e210d-e36a-4f09-9a96-beff9c8af62e,appliance.legal,available,71.99,71.99,high,low,9,namesilo,,,19/09/2026 21:44
54455772-5f5e-40f0-a0d9-f6e891bdca6e,nasal.legal,available,9.99,92.99,medium,low,5,name.com,,,03/09/2026 13:33
3d86bbb5-1738-4bef-9447-db2bc53219e7,tropical.legal,available,74.98,88.98,high,low,8,namecheap,,,11/09/2026 20:24
e0ab430a-a215-42aa-8ed1-09a3f7ee464d,artificially.legal,available,5.66,57.16,medium,low,12,porkbun,,,30/09/2026 12:09
d068d197-7abf-4025-92ff-1f94394806c4,coffin.legal,available,55.2,55.2,medium,low,6,cloudflare,,,29/09/2026 07:35
c72ff692-74ce-4c73-81b3-bfac603eca7b,spasm.legal,available,57.13,57.13,high,low,5,spaceship,,,01/10/2026 19:07
c30cf5b5-a3ca-4fde-833b-535b321f9c9e,have.legal,available,9.99,92.99,high,low,4,name.com,,,26/09/2026 03:37
54a811b7-9b7d-4289-8552-335e6abda519,comment.legal,available,71.99,71.99,high,low,7,namesilo,,,24/09/2026 16:29
05ed9f48-db0e-491d-9e16-1f092adb814b,roles.legal,available,57.13,57.13,medium,low,5,spaceship,,,28/09/2026 21:41
37de97eb-7daf-427e-967c-87586bc663ca,stuart.legal,available,71.99,71.99,high,low,6,namesilo,,,25/09/2026 22:59
c24f218b-d25b-43ae-aa76-4abcc6c59185,humoring.legal,available,71.99,71.99,high,low,8,namesilo,,,05/09/2026 00:31
1e1c309f-49a1-4744-9d24-07e82a25d3c9,taken.legal,available,71.99,71.99,high,low,5,namesilo,,,25/09/2026 10:20
b38a87b1-e62c-486a-9407-af275eca26e2,lenient.legal,available,9.99,92.99,high,low,7,name.com,,,22/08/2026 23:46
712e89fc-9e79-452d-9618-0f97a21c1dd2,booty.legal,available,55.2,55.2,high,low,5,cloudflare,,,29/09/2026 11:44
c2cb9564-2d31-4e7a-a5ea-3b959a683f00,smarting.legal,available,71.99,71.99,medium,low,8,namesilo,,,10/09/2026 11:48
e9d7e39f-2630-450c-a9ec-618f5db29ccd,botany.legal,available,55.2,55.2,high,low,6,cloudflare,,,01/10/2026 02:32
df3b8526-8542-49e3-af19-8eab88498e67,infield.legal,available,74.98,88.98,high,low,7,namecheap,,,22/09/2026 10:07
cf298c33-308c-4529-bd74-71e177c6db00,idf.legal,available,57.13,57.13,medium,low,3,spaceship,,,28/09/2026 14:30
3d47760e-243d-4df7-9305-44ff03354599,docking.legal,available,74.98,88.98,high,low,7,namecheap,,,29/09/2026 06:41
0c81843b-4eae-42af-97d6-c76840d444c7,impotent.legal,available,9.99,92.99,medium,low,8,name.com,,,21/08/2026 22:52
ed243b5c-d5f8-42c0-87d6-19d03fb1ed64,snuggled.legal,available,71.99,71.99,medium,low,8,namesilo,,,03/09/2026 15:48
8e831c00-69e1-48b4-83f6-ac16cbbbf36a,pensacola.legal,premium,242,242,high,low,9,namesilo,,,25/09/2026 23:59
8fda2994-ea9e-4b70-ba89-140c75a97d41,marilyn.legal,available,74.98,88.98,high,low,7,namecheap,,,27/09/2026 06:57
04311c73-666b-4bbc-904c-6074f65660f2,kia.legal,available,55.2,55.2,high,low,3,cloudflare,,,29/09/2026 20:51
ac5055b5-cdf7-4f8b-86dc-9d554fae6b84,anil.legal,available,9.99,92.99,high,low,4,name.com,,,22/08/2026 03:03
faafa456-6376-40c5-9063-0894b262d34d,declared.legal,available,9.99,92.99,high,low,8,name.com,,,13/08/2026 21:46
6808fc60-6f14-4efe-a91c-d5355756931a,doubly.legal,available,71.99,71.99,medium,low,6,namesilo,,,14/09/2026 13:48
e18c258f-8d93-45d2-985b-01c7a7247d8d,chemist.legal,available,71.99,71.99,high,low,7,namesilo,,,19/09/2026 19:39
35326374-60db-4503-9980-9b0402ad4cdc,pick.legal,premium,260,260,high,low,4,namecheap,,,23/09/2026 14:24
f2d36891-3e6c-47fd-a1bb-46e33d633c2d,propellent.legal,available,71.99,71.99,medium,low,10,namesilo,,,09/09/2026 03:28
b6b2ffd3-486d-4673-9dcb-b1cef91125b2,hematic.legal,available,9.99,92.99,medium,low,7,name.com,,,20/08/2026 21:53
15d97647-e38a-4647-9849-818ba5a465b2,uss.legal,available,71.99,71.99,high,low,3,namesilo,,,25/09/2026 13:39
e271e17a-ced0-4710-bfe0-a6fb0b0b4669,chiliad.legal,available,9.99,92.99,high,low,7,name.com,,,
13473189-50e1-4c48-a235-b53c5c0b59b1,nei.legal,available,57.13,57.13,medium,low,3,spaceship,,,01/10/2026 23:49
78e3a9e8-05f9-47af-a8a1-888ebac28697,classics.legal,available,71.99,71.99,high,low,8,namesilo,,,28/09/2026 13:44
0d34b85b-f333-4f84-a029-ecbd5887988e,vendors.legal,available,71.99,71.99,medium,low,7,namesilo,,,20/09/2026 22:00
a1f4ea31-72c5-4b86-bdc2-6608807bf9dc,anoa.legal,available,71.99,71.99,medium,low,4,namesilo,,,19/09/2026 11:10
9b354062-2f34-4f2e-821c-a2cd958f8440,derogative.legal,available,9.99,92.99,medium,low,10,name.com,,,14/08/2026 03:10
0b309b63-d8f5-4fd3-842c-7a99da368d80,photographic.legal,available,57.13,57.13,high,low,12,spaceship,,,28/09/2026 21:08
a93819d3-4032-4f00-ba75-1858f3e524c3,hinsdale.legal,available,71.99,71.99,medium,low,8,namesilo,,,02/10/2026 10:32
3af4a860-39bb-439d-879b-8777b641ded3,farmer.legal,available,9.99,92.99,high,low,6,name.com,,,08/09/2026 06:02
114aee3c-5d83-4f26-9cf5-fb4e1cbe6768,least.legal,available,74.98,88.98,high,low,5,namecheap,,,25/09/2026 13:24
9ead628c-a290-4a2d-8ad8-2d31c2e8dfdd,pittsburg.legal,available,5.57,59.07,medium,low,9,dynadot,,,28/09/2026 16:44
370e39c9-610d-46a9-a1a7-767c6b97ac37,supposing.legal,available,57.13,57.13,high,low,9,spaceship,,,02/10/2026 07:08
10fa0904-c6e7-47c3-bf52-c3ecdaf5bfdd,cruddy.legal,available,9.99,92.99,medium,low,6,name.com,,,13/08/2026 08:44
ca7d1d9b-7e6a-4378-86dd-9d987d92ea0c,girlfriends.legal,available,71.99,71.99,high,low,11,namesilo,,,30/09/2026 06:17
641b0230-7a3c-4fbe-855b-65ef6cc4bc41,pumped.legal,available,55.2,55.2,high,low,6,cloudflare,,,29/09/2026 03:14
7388be79-29d5-48d6-8051-119847618d2d,hardman.legal,available,57.13,57.13,medium,low,7,spaceship,,,02/10/2026 21:07
3aea59a6-e3e4-4662-b8fe-53022556ecb4,filipino.legal,available,9.99,92.99,high,low,8,name.com,,,18/08/2026 04:19
41936dc4-24b8-4677-8709-87e71780843a,inventing.legal,available,57.13,57.13,medium,low,9,spaceship,,,02/10/2026 02:11
c4ec6290-1c44-4e17-bb5e-b6a3ebd61dcf,longview.legal,available,71.99,71.99,medium,low,8,namesilo,,,30/09/2026 21:47
d38305d6-f60a-4b41-b11f-82292499c932,burner.legal,available,71.99,71.99,high,low,6,namesilo,,,29/09/2026 11:49
4bc5ba7b-c98c-418f-b0df-b8350df49698,theorist.legal,available,71.99,71.99,high,low,8,namesilo,,,02/10/2026 15:46
daadfac6-adf9-4b19-97b8-e8a2cc57bb82,columella.legal,available,71.99,71.99,medium,low,9,namesilo,,,30/09/2026 09:13
b686896a-3458-4b32-90b5-27404c4e58ed,scouts.legal,available,57.13,57.13,high,low,6,spaceship,,,28/09/2026 04:05
6382f2aa-554c-4cc5-a8ef-7bbc5a3fb96a,hewett.legal,available,5.57,59.07,medium,low,6,dynadot,,,02/10/2026 09:45
9a8432a8-db0d-41d5-a7af-0c4e6995abc9,senior.legal,available,74.98,88.98,high,low,6,namecheap,,,21/09/2026 22:36
31e18f91-94c6-447f-8eba-f64e4f2d177a,reeves.legal,available,57.13,57.13,high,low,6,spaceship,,,29/09/2026 09:55
a68cd3a5-5913-415d-9d7f-1f0d32c791be,opencut.legal,available,71.99,71.99,medium,low,7,namesilo,,,04/09/2026 16:10
f2fd367a-ff40-4b9c-865b-ccec3c60045c,speeding.legal,available,71.99,71.99,high,low,8,namesilo,,,25/09/2026 06:47
24cf9a78-6ff7-482d-b039-6375d898c8d3,when.legal,available,55.2,55.2,high,low,4,cloudflare,,,30/09/2026 22:54
05961ce8-997c-494a-b5cc-f4355f49e1df,creation.legal,available,57.13,57.13,high,low,8,spaceship,,,03/10/2026 04:02
71e86e0d-307b-43cf-bb59-7db61334f83b,vampire.legal,available,71.99,71.99,high,low,7,namesilo,,,30/09/2026 01:58
5668f0af-6f0c-45ed-b720-7f527f2fe638,badgering.legal,available,71.99,71.99,medium,low,9,namesilo,,,13/09/2026 13:19
ecdd87e2-e93a-406b-a160-68d5875a150f,usmc.legal,available,57.13,57.13,high,low,4,spaceship,,,30/09/2026 17:59
e964f6fd-c15d-43b6-962c-76f27ca9ddea,cheaply.legal,available,71.99,71.99,medium,low,7,namesilo,,,14/09/2026 06:37
658d4021-3d9e-4f09-8445-c1e77aa757a4,dress.legal,available,71.99,71.99,high,low,5,namesilo,,,24/09/2026 12:08
01c7401b-3a31-4386-a5b5-cc192a08ee8a,candied.legal,available,9.99,92.99,medium,low,7,name.com,,,11/08/2026 16:48
3c8f2b5c-3c06-4ef2-9b70-da90abc61889,something.legal,available,57.13,57.13,high,low,9,spaceship,,,01/10/2026 00:22
60de08bd-ec87-4357-ac2a-7786619340e6,beekeeper.legal,available,71.99,71.99,high,low,9,namesilo,,,19/09/2026 17:19
732230f3-eb75-4953-9808-5aba81fd7724,military.legal,available,74.98,88.98,high,low,8,namecheap,,,25/09/2026 20:05
8d4cccea-8f6c-4056-8429-f7a3e45cbcb4,lidar.legal,available,74.98,88.98,high,low,5,namecheap,,,01/10/2026 20:19
cb2e83a1-21c7-4c3a-9edd-c7de1edda2e2,inglewood.legal,available,55.2,55.2,medium,low,9,cloudflare,,,30/09/2026 13:40
9bdfc77d-85a4-48eb-8bc8-b159db4efd31,grudge.legal,available,57.13,57.13,high,low,6,spaceship,,,29/09/2026 19:05
a941e2b5-5465-4d40-98a4-9dfa0de89285,stole.legal,available,71.99,71.99,high,low,5,namesilo,,,27/09/2026 05:29
249fcf36-53b1-41da-8fc3-a43b7f8d9bfa,irritation.legal,available,9.99,92.99,medium,low,10,name.com,,,
626418ab-d05b-453f-8eec-5c712ba8e740,anomaly.legal,available,71.99,71.99,high,low,7,namesilo,,,19/09/2026 11:28
069fee3a-147a-4a07-8158-872cfdb429d5,fishy.legal,available,9.99,92.99,high,low,5,name.com,,,18/08/2026 05:32
db35f037-9cf1-445f-b0ef-f41cda79461b,romany.legal,available,9.99,92.99,high,low,6,name.com,,,10/08/2026 17:25
0398e21c-cbe9-46b0-a68a-3cfda6971caa,marathon.legal,available,71.99,71.99,high,low,8,namesilo,,,22/09/2026 15:29
36429adf-091f-44b8-b03a-7108b591be7d,fictive.legal,available,9.99,92.99,medium,low,7,name.com,,,07/08/2026 07:55
0479397a-e7d8-4f4c-b1a3-9125022aeb9e,gallantly.legal,available,71.99,71.99,medium,low,9,namesilo,,,14/09/2026 06:45
dc0b3f14-8399-4fb7-a3fd-7385069a3a39,grenoble.legal,available,5.66,57.16,medium,low,8,porkbun,,,28/09/2026 19:22
767c329b-a353-4c5d-9712-23867471d5ff,consistently.legal,available,74.98,88.98,high,low,12,namecheap,,,01/10/2026 05:37
5f267fed-b780-4fb2-a775-4e9d014558b2,attracting.legal,available,5.57,59.07,high,low,10,dynadot,,,30/09/2026 06:33
fb7470d1-571b-4388-ad49-9507d6a02b89,thatcher.legal,available,71.99,71.99,medium,low,8,namesilo,,,22/09/2026 07:26
96a90e86-1cd3-4489-9096-39f34dfdcc55,amon.legal,available,74.98,88.98,high,low,4,namecheap,,,18/09/2026 18:27
21cd6db6-c2e4-4a02-80c4-5b378156ced5,waterborne.legal,available,71.99,71.99,medium,low,10,namesilo,,,13/09/2026 08:36
9635603a-35aa-4226-b7bf-66bcf3ffc3c5,clergy.legal,available,71.99,71.99,high,low,6,namesilo,,,29/09/2026 09:59
fe49e6c1-2b79-44cc-8a38-63c21722b602,joyful.legal,available,9.99,92.99,high,low,6,name.com,,,20/08/2026 14:22
d9e4e858-483a-48c7-b156-b6f91546c3c1,docile.legal,available,9.99,92.99,high,low,6,name.com,,,14/08/2026 14:17
6b1f640e-6043-41bb-a15a-4b30b6aa781a,messing.legal,available,74.98,88.98,medium,low,7,namecheap,,,29/09/2026 22:01
2c9df25e-018d-40f5-93db-f4eca2eca6f1,alone.legal,available,71.99,71.99,high,low,5,namesilo,,,22/09/2026 01:57
7afd39d7-7050-470a-80a5-281c9334cedf,terribly.legal,available,71.99,71.99,medium,low,8,namesilo,,,22/09/2026 15:23
424ab5c5-8a64-4bbe-a0f3-e9e797022518,shortness.legal,available,71.99,71.99,medium,low,9,namesilo,,,16/09/2026 17:27
28471c38-572f-48ae-8e4f-ff7c85e6de84,shook.legal,available,57.13,57.13,medium,low,5,spaceship,,,28/09/2026 20:26
316b462e-6882-4668-8de1-ccee41ab6813,spike.legal,available,74.98,88.98,high,low,5,namecheap,,,19/09/2026 15:31
a8e9c61b-35a0-47e4-a5ba-5b986c202998,authorization.legal,available,74.98,88.98,medium,low,13,namecheap,,,28/09/2026 08:21
af40d367-7dbf-4c15-bece-04153082f300,surely.legal,available,74.98,88.98,high,low,6,namecheap,,,24/09/2026 20:56
429cd3a9-fcc0-4eb7-9038-f739e33ef092,basilica.legal,available,71.99,71.99,medium,low,8,namesilo,,,22/09/2026 10:49
2f645644-5ec6-4409-a891-5585ca37bcf6,guest.legal,available,71.99,71.99,high,low,5,namesilo,,,29/09/2026 17:42
b8d83546-401d-4a57-a685-095dd0f25cf2,instructed.legal,available,5.57,59.07,medium,low,10,dynadot,,,28/09/2026 04:56
5c98d232-e0a8-460f-ad70-0ba61e95bfed,starry.legal,available,9.99,92.99,high,low,6,name.com,,,10/09/2026 18:58
8a9c8649-0b6d-447b-b5c3-30364ab1c3fb,broadcast.legal,available,57.13,57.13,high,low,9,spaceship,,,02/10/2026 12:19
87f4108d-dfd2-4b89-a658-c0350c2b95c7,bumpy.legal,available,9.99,92.99,medium,low,5,name.com,,,11/08/2026 09:48
188ab9ea-c1f1-453b-aaea-e7f8523a2b99,vanguard.legal,available,,,high,high,8,,,,
c6f6a135-b32e-40d1-aff7-667bc1adbc73,desks.legal,available,71.99,71.99,medium,low,5,namesilo,,,02/10/2026 14:00
52ae88be-6be7-4935-9ab5-30be8b7af577,akka.legal,available,71.99,71.99,high,low,4,namesilo,,,16/09/2026 22:23
b3deb14d-5ec5-4f43-97df-e67bba4e0f48,gaslighter.legal,available,5.66,57.16,medium,low,11,porkbun,,,03/10/2026 00:39
aab072f5-dde6-4209-8b29-27e4b1ef7d83,reportedly.legal,available,71.99,71.99,medium,low,10,namesilo,,,15/09/2026 23:15
5b5edd42-2151-4a74-95ca-8d0c6eb56db3,travel.legal,premium,512,512,high,medium,6,namesilo,,,24/09/2026 22:30
d25b2627-986a-468b-9686-cf4611a197df,hernia.legal,available,57.13,57.13,high,low,6,spaceship,,,01/10/2026 19:57
f57f7db9-20ae-4934-a96e-cccee54fc793,katy.legal,available,55.2,55.2,high,low,4,cloudflare,,,01/10/2026 22:40
7679cedb-9586-4664-a924-fac6dbe9c784,cords.legal,available,74.98,88.98,medium,low,5,namecheap,,,24/09/2026 18:14
a7b796f4-2739-4dc8-b496-fd9c2b6b6f82,melanesia.legal,available,71.99,71.99,medium,low,9,namesilo,,,03/10/2026 01:35
1d550501-ec43-4e50-a7ff-8fe3ae8b461f,terminating.legal,available,71.99,71.99,medium,low,11,namesilo,,,08/09/2026 14:51
a7d995a3-0254-4fd0-9a24-69110f9d599e,acarpelous.legal,available,9.99,92.99,medium,low,10,name.com,,,
28ce46ba-116e-4ab4-a2f7-0a7f865ba449,radiography.legal,available,71.99,71.99,high,low,11,namesilo,,,30/09/2026 23:27
469e5e23-fbc8-4deb-9a8c-4a7e683011ae,bagatelle.legal,available,74.98,88.98,medium,low,9,namecheap,,,21/09/2026 17:53
e4de01a7-6217-4026-8dfd-acf8bf690bde,garments.legal,available,57.13,57.13,medium,low,8,spaceship,,,30/09/2026 23:02
bf1d1062-67cd-4d05-a8c2-d0f716f836a0,depth.legal,available,55.2,55.2,high,low,5,cloudflare,,,28/09/2026 01:46
f7e25f0b-3a6e-4b68-ae57-d89aa4c2c96b,chinch.legal,available,71.99,71.99,medium,low,6,namesilo,,,22/09/2026 22:46
49bd3b42-49ad-474e-9507-4750b7ffdea1,droopy.legal,available,9.99,92.99,medium,low,6,name.com,,,14/08/2026 19:43
d72679de-f2bd-4403-81c7-dce962adea5b,interacting.legal,available,57.13,57.13,high,low,11,spaceship,,,02/10/2026 07:08
c002d991-7fb2-420c-81fe-cc6aecc77fe3,festivities.legal,available,57.13,57.13,medium,low,11,spaceship,,,29/09/2026 22:56
9467c4b3-e006-4f6e-af3b-40f56adfe0a0,pangolin.legal,available,71.99,71.99,medium,low,8,namesilo,,,19/09/2026 12:39
a10a248e-f0e7-43f1-97d2-0e576a010217,currently.legal,available,57.13,57.13,medium,low,9,spaceship,,,28/09/2026 14:29
b6203edf-7e30-4b03-b31a-5c341565f427,portend.legal,available,71.99,71.99,medium,low,7,namesilo,,,21/09/2026 03:29
cd8e0da3-a4cb-4b6b-9a59-10f3b65e16a5,wardrobe.legal,available,57.13,57.13,high,low,8,spaceship,,,28/09/2026 06:52
669ac57a-dcd0-425a-87fd-cf771cce1525,socialist.legal,available,71.99,71.99,high,low,9,namesilo,,,10/09/2026 13:19
06b6cb17-5242-45f9-935d-799ccb2d0203,derriere.legal,available,9.99,92.99,low,low,8,name.com,,,09/08/2026 11:55
e9ba00ca-7f68-454d-afaa-6dc494d4a1d9,crashes.legal,available,71.99,71.99,low,low,7,namesilo,,,29/09/2026 05:45
3bbcf62f-7445-4eb8-b8dd-a2a79f4e8503,beery.legal,available,9.99,92.99,medium,low,5,name.com,,,09/08/2026 08:12
2bf04f11-5b21-4146-b58e-547a1edacbf7,nourishing.legal,available,74.98,88.98,high,low,10,namecheap,,,19/09/2026 17:50
562ccf3c-a6ca-4604-a8bf-25b54d674848,brooding.legal,available,9.99,92.99,medium,low,8,name.com,,,11/08/2026 05:52
d7b08b86-99f5-4498-83e2-72d834420a4b,beseeching.legal,available,9.99,92.99,medium,low,10,name.com,,,09/08/2026 15:20
747cc2d9-c166-46d2-a87b-37cb2cab16f9,gibe.legal,available,71.99,71.99,medium,low,4,namesilo,,,22/09/2026 04:17
89b0559a-6bd3-451f-897c-fe56ffc3d9c2,carnivorous.legal,available,74.98,88.98,medium,low,11,namecheap,,,03/10/2026 02:44
b877ebbb-5a74-4de6-9309-5c6ac5389dfa,trajectory.legal,available,5.57,59.07,high,low,10,dynadot,,,29/09/2026 20:33
9920ab7a-e376-46db-88a0-a44847299757,lullaby.legal,available,71.99,71.99,high,low,7,namesilo,,,23/09/2026 09:09
fbe95c8a-3686-451f-9234-156ce54e57cd,finely.legal,available,71.99,71.99,high,low,6,namesilo,,,14/09/2026 11:23
77959a8d-a1ae-4b21-9b45-4fb38d7a35d0,greville.legal,available,71.99,71.99,medium,low,8,namesilo,,,02/10/2026 10:48
b73256ae-1d6f-4293-9208-b8cb130cc467,guyanese.legal,available,9.99,92.99,high,low,8,name.com,,,20/08/2026 21:17
1c4f4ae7-c911-454f-aaaf-53e02ea9a571,gipsy.legal,available,9.99,92.99,high,low,5,name.com,,,10/08/2026 17:23
45b03f49-22e0-4984-8a6d-ff2ffcc136ce,hermetic.legal,available,9.99,92.99,medium,low,8,name.com,,,21/08/2026 07:10
c594442d-4d34-4713-b369-321647bed9ce,sensual.legal,available,71.99,71.99,high,low,7,namesilo,,,22/09/2026 04:34
921aae25-0a4d-4025-88f9-21f2c7cabc34,baillie.legal,available,55.2,55.2,medium,low,7,cloudflare,,,30/09/2026 20:10
4f3d0630-fa12-4942-9b15-269e7f63fa3b,scold.legal,available,71.99,71.99,high,low,5,namesilo,,,24/09/2026 16:34
e62df3cd-538f-4365-a5b9-bfeebf9e178f,tyrol.legal,available,57.13,57.13,medium,low,5,spaceship,,,28/09/2026 20:40
0f2c10cb-d93b-499c-a7d8-38fe76ac9bba,smartness.legal,available,9.99,92.99,high,low,9,name.com,,,12/08/2026 04:49
35fba2a7-3360-4108-9ddb-c744e14e75ea,proliferate.legal,available,71.99,71.99,high,low,11,namesilo,,,03/10/2026 02:42
1f768eeb-e920-4a89-b12c-56832ff66dc1,anuran.legal,available,9.99,92.99,medium,low,6,name.com,,,05/08/2026 20:48
07764ebb-51ff-48b2-b3ff-6d64d31ff7a9,spacious.legal,available,55.2,55.2,high,low,8,cloudflare,,,27/09/2026 16:20
9d1ca4eb-7628-417f-b048-feeb81738566,them.legal,available,57.13,57.13,high,low,4,spaceship,,,30/09/2026 22:25
4c78ee9f-559d-4884-b6c8-9d32bc1dba39,joke.legal,available,71.99,71.99,high,low,4,namesilo,,,22/09/2026 06:20
d374490e-9649-428d-8ff4-eb0de59efeb2,soil.legal,available,57.13,57.13,high,low,4,spaceship,,,02/10/2026 13:07
3dd04cc9-68c1-46cb-a8c2-27cdb4e2f58e,amongst.legal,available,74.98,88.98,medium,low,7,namecheap,,,01/10/2026 00:29
a650982e-f66f-4950-8969-e076ce29ccd1,phantasmal.legal,available,9.99,92.99,medium,low,10,name.com,,,06/08/2026 05:33
bdfd9945-f6d9-48eb-af7a-74a17505f362,therapeutic.legal,available,71.99,71.99,high,low,11,namesilo,,,29/09/2026 14:26
f0832181-1551-4666-8162-3603d878b8e0,enhancing.legal,available,71.99,71.99,medium,low,9,namesilo,,,02/10/2026 12:23
a9c629e5-3098-42af-a129-bb284001d602,trine.legal,available,9.99,92.99,medium,low,5,name.com,,,
5df44536-c81f-49cc-936e-53d2904d9174,gloomy.legal,available,9.99,92.99,medium,low,6,name.com,,,14/08/2026 11:40
2b9fc1ef-af76-48eb-95e3-4dbd2a7c7123,repressed.legal,available,71.99,71.99,medium,low,9,namesilo,,,08/09/2026 14:49
2a8db418-194b-44ef-885c-6fef49dc31ff,stepaside.legal,available,71.99,71.99,medium,low,10,namesilo,,,16/09/2026 15:09
1835e0d5-9201-43f9-a1d4-171020a1cf47,delivering.legal,available,71.99,71.99,high,low,10,namesilo,,,28/09/2026 11:30
9b051f34-a0f3-4360-86d3-5bbaa4457b17,swosh.legal,available,71.99,71.99,medium,low,5,namesilo,,,11/09/2026 05:50
bc308f91-7cc2-4b83-bf77-75624b1be7dc,arachnida.legal,available,71.99,71.99,medium,low,9,namesilo,,,19/09/2026 23:41
b869ddfc-55bd-4073-bcbc-265418a4f58e,wayne.legal,available,74.98,88.98,high,low,5,namecheap,,,19/09/2026 13:47
e0c0a2bf-f5f6-4487-9fbb-31865a396929,johansson.legal,available,71.99,71.99,medium,low,9,namesilo,,,29/09/2026 03:51
73c39d8e-3596-4fd4-a476-c1de77a1fd53,competitions.legal,available,74.98,88.98,medium,low,12,namecheap,,,01/10/2026 18:30
30c81505-2ecc-4539-bc6b-893ee4c18595,lerner.legal,available,71.99,71.99,high,low,6,namesilo,,,18/09/2026 01:44
c5f8457a-1a9d-4fbc-b5b7-355476502c1a,sorensen.legal,available,71.99,71.99,high,low,8,namesilo,,,30/09/2026 02:56
89a6d15b-a0d7-4b1c-a53f-43969d455648,gainly.legal,available,9.99,92.99,medium,low,6,name.com,,,18/08/2026 19:33
123dcc0d-8ed2-42cd-8a1c-6db0badf6638,biretta.legal,available,71.99,71.99,medium,low,7,namesilo,,,23/09/2026 10:06
18021511-a8dd-412a-9980-bb2d4ad0c717,equitable.legal,available,9.99,92.99,high,low,9,name.com,,,17/08/2026 11:54
58cd3035-a285-4904-8665-5032cd829d52,squarely.legal,available,9.99,92.99,medium,low,8,name.com,,,18/08/2026 12:39
749b1e52-7b5e-4208-b241-f398b8b074b7,factual.legal,available,9.99,92.99,high,low,7,name.com,,,17/08/2026 20:31
e520410d-aed7-4e38-9423-e650d1267480,broached.legal,available,9.99,92.99,medium,low,8,name.com,,,
8287a6d4-6bc3-414b-a634-6729be0783c8,cinderella.legal,available,71.99,71.99,high,low,10,namesilo,,,29/09/2026 09:13
fb7d9bd9-7465-4bdc-939d-16e804148c44,strident.legal,available,9.99,92.99,medium,low,8,name.com,,,12/08/2026 09:19
77e75b35-52ee-4f16-a84b-d1f7434add2f,adz.legal,available,74.98,88.98,medium,low,3,namecheap,,,17/09/2026 12:01
919724dd-c7c3-409a-998e-08a86f7f73bf,swishing.legal,available,71.99,71.99,high,low,8,namesilo,,,18/09/2026 03:16
5a29a93e-c55f-4a69-a126-1c4a458e7c88,eunice.legal,available,55.2,55.2,medium,low,6,cloudflare,,,29/09/2026 03:57
005a027a-69be-4444-a272-67f44eb1b1ee,andorran.legal,premium,78.54,78.54,medium,low,8,namesilo,,,
4b0dda72-31d1-446e-a210-bbe102ec893c,chambers.legal,available,9.99,,high,low,8,name.com,,,
88288cbb-f5c5-455c-aef2-a1b106e1d314,equestrian.legal,available,9.99,92.99,high,low,10,name.com,,,17/08/2026 11:42
3d0e995d-897b-4898-813a-2688f76d525f,showing.legal,available,71.99,71.99,high,low,7,namesilo,,,25/09/2026 10:36
e8e461c3-dc08-469f-b18f-fb4577579b67,ramsons.legal,available,71.99,71.99,medium,low,7,namesilo,,,18/09/2026 11:34
fd6883b1-9c3d-428c-9d68-425daf8ddfce,detector.legal,available,71.99,71.99,high,low,8,namesilo,,,24/09/2026 21:49
779a968b-9bc8-45f1-8d40-bdf456aba930,shameful.legal,available,9.99,92.99,medium,low,8,name.com,,,14/08/2026 10:28
4283bec6-2cde-406d-8362-1b6a15f2a4ff,wiping.legal,available,57.13,57.13,high,low,6,spaceship,,,01/10/2026 06:02
db1926ef-ee69-463a-bab3-2dc8d2d160a8,mms.legal,available,55.2,55.2,high,low,3,cloudflare,,,30/09/2026 21:06
721e9533-f382-423d-8072-0de8e939adfb,evolving.legal,available,71.99,71.99,medium,low,8,namesilo,,,30/09/2026 06:16
28503988-0520-4264-9313-77e268410a47,useful.legal,available,71.99,71.99,high,low,6,namesilo,,,28/09/2026 10:01
cf6942d8-8728-4278-a101-207e86be775a,unofficially.legal,available,71.99,71.99,medium,low,12,namesilo,,,01/10/2026 06:20
ce4477b7-0c9f-436f-a28d-dfa0f621f2bc,bladder.legal,available,71.99,71.99,high,low,7,namesilo,,,24/09/2026 03:26
0b8b69bd-1fcc-45e7-af96-adf9968ff78a,boisterous.legal,available,9.99,92.99,medium,low,10,name.com,,,10/08/2026 17:38
2ebf8bbb-4167-458a-a595-3212aa19b7cf,howie.legal,available,57.13,57.13,medium,low,5,spaceship,,,29/09/2026 22:05
49d410be-f92e-4516-a97c-1dbbf25eb2e1,rarefied.legal,available,9.99,92.99,medium,low,8,name.com,,,17/08/2026 15:44
9b576092-7ade-4db5-ba16-082877a2f844,blamed.legal,available,9.99,92.99,medium,low,6,name.com,,,10/08/2026 12:39
94de5ac9-eca2-4d5b-be48-9e85ba6050d6,kilmarnock.legal,available,71.99,71.99,high,low,10,namesilo,,,01/10/2026 07:24
d053cffa-31c3-477b-a9e7-d689e6dc7ced,admittance.legal,available,71.99,71.99,high,low,10,namesilo,,,16/09/2026 22:13
5638b018-d10c-4fb3-990d-ea72b39ea98a,burned.legal,available,74.98,88.98,medium,low,6,namecheap,,,23/09/2026 11:37
0b9cb84c-02ba-45ec-8770-0e1807cabed0,wallach.legal,available,71.99,71.99,medium,low,7,namesilo,,,02/10/2026 13:13
8aec18a4-63a2-4891-9141-86d0a771fd04,opportunities.legal,available,71.99,71.99,medium,low,13,namesilo,,,28/09/2026 08:42
b2d32e2e-be4e-451a-b6a5-4bd07f336309,irma.legal,available,71.99,71.99,medium,low,4,namesilo,,,28/09/2026 22:00
e177a954-9392-4783-bf7e-6ed8e25964d0,toothsome.legal,available,9.99,92.99,medium,low,9,name.com,,,14/08/2026 00:24
9daec44e-1d70-4916-8551-b3b79f4a6903,sprawl.legal,available,71.99,71.99,medium,low,6,namesilo,,,10/09/2026 16:41
d88ac9b3-3118-41d0-9b44-60036ae3c824,fills.legal,available,71.99,71.99,medium,low,5,namesilo,,,29/09/2026 11:18
8bdf7ef2-7bd5-4eac-a4ec-2ebd2590d8b7,average.legal,available,71.99,71.99,high,low,7,namesilo,,,22/09/2026 14:28
5435bd72-c084-4e78-9ac6-6f4c6adc1e1e,incisive.legal,available,9.99,92.99,medium,low,8,name.com,,,22/08/2026 01:21
190d639a-1c02-4b37-81d5-288a39851069,peaceable.legal,available,9.99,92.99,high,low,9,name.com,,,08/09/2026 11:08
95c63de3-8d05-4431-9a6e-59d3b67c90d3,runny.legal,available,71.99,71.99,medium,low,5,namesilo,,,09/09/2026 19:37
c2e71cf9-db55-4967-824b-fcd94f490b1b,pce.legal,available,71.99,71.99,high,low,3,namesilo,,,02/10/2026 23:26
ae6ba518-ded3-42d9-ad39-25c5be60ea98,neighbours.legal,available,71.99,71.99,medium,low,10,namesilo,,,18/09/2026 07:42
9e889661-1408-4e83-9187-fff809c82a5c,arak.legal,available,71.99,71.99,medium,low,4,namesilo,,,19/09/2026 23:47
08cdddc8-7652-4e9b-a208-44c5cb206fb7,alcoves.legal,available,71.99,71.99,low,low,7,namesilo,,,20/09/2026 22:35
4f49bf8d-7be4-4f43-8248-71f01d2f8638,coulson.legal,available,57.13,57.13,medium,low,7,spaceship,,,30/09/2026 21:34
3d0629aa-5bce-44c5-9f33-e20a880c3493,deliveries.legal,available,71.99,71.99,medium,low,10,namesilo,,,29/09/2026 11:38
62581b09-b8b0-47bd-9edd-883773b609d3,wino.legal,available,9.99,92.99,medium,low,4,name.com,,,14/08/2026 20:26
bde6101a-0de4-4ecd-a1ed-4d537db14710,jument.legal,available,,,medium,low,6,,,,22/09/2026 21:27
cb47a83c-f394-48b2-9577-0814c2d71803,macomb.legal,available,57.13,57.13,medium,low,6,spaceship,,,30/09/2026 05:38
85ed544a-90a2-4cb2-9ed3-c454c856c40a,rnas.legal,available,5.66,57.16,low,low,4,porkbun,,,29/09/2026 05:15
bab6338c-674d-48df-8a89-23b5ce8045f4,obedience.legal,available,5.57,59.07,high,low,9,dynadot,,,29/09/2026 13:35
79785115-b785-4922-b652-e6504bed82ae,probable.legal,available,71.99,71.99,high,low,8,namesilo,,,27/09/2026 06:59
8ddb6041-7bba-4653-922d-3842f7cce0f9,ccf.legal,available,5.57,59.07,high,low,3,dynadot,,,30/09/2026 21:20
a4db5a92-9104-49b2-ac09-7ac0aedad906,seasons.legal,available,55.2,55.2,high,low,7,cloudflare,,,28/09/2026 12:51
c3fb6cc9-cf7b-4ecf-9bd3-f820503adbdc,caitlin.legal,available,5.57,59.07,medium,low,7,dynadot,,,30/09/2026 14:56
654ac77c-7ae4-4870-a84c-4f5944d56789,mustache.legal,available,74.98,88.98,high,low,8,namecheap,,,29/09/2026 19:43
2fa76064-193f-4dc3-98a0-f0ae60881db6,restless.legal,available,5.57,59.07,high,low,8,dynadot,,,27/09/2026 12:53
dfd70f25-e0a5-4842-824b-eb316974e72d,diminuendo.legal,available,9.99,92.99,medium,low,10,name.com,,,13/08/2026 22:19
82d3ed88-00fa-4f92-bdd2-4a4f67aab98f,infantry.legal,available,55.2,55.2,high,low,8,cloudflare,,,29/09/2026 13:08
f9f65a89-e35b-4b73-aca7-b4ca9cdb3c75,rectify.legal,available,71.99,71.99,high,low,7,namesilo,,,23/09/2026 23:41
9e17b6f8-872e-4a5d-81d2-765528f3670c,subjects.legal,available,5.66,57.16,medium,low,8,porkbun,,,02/10/2026 15:43
a2b73973-a690-403e-8368-4e5fcb29306a,anolis.legal,available,71.99,71.99,medium,low,6,namesilo,,,19/09/2026 11:23
25f14def-cd67-42ee-927f-02f209d9971a,antakya.legal,available,74.98,88.98,medium,low,7,namecheap,,,19/09/2026 12:30
3cf857c4-c615-4ff0-8608-e79e1ac53d8b,visualised.legal,available,9.99,92.99,high,low,10,name.com,,,17/08/2026 10:03
bd390192-20ae-480b-b377-48036d757511,joins.legal,available,71.99,71.99,medium,low,5,namesilo,,,29/09/2026 17:15
efe1518f-c794-416f-96df-a305e07fb369,lovely.legal,available,74.98,88.98,high,low,6,namecheap,,,21/09/2026 19:31
c265cfdb-a8fb-43dc-8b8d-ca3a2030128f,homeland.legal,available,55.2,55.2,medium,low,8,cloudflare,,,28/09/2026 09:28
7caeaf06-ac5a-483b-afac-00c9a1326b65,eclat.legal,available,71.99,71.99,high,low,5,namesilo,,,16/09/2026 22:37
b136db54-7321-4706-a5ed-18d9fe54343c,amblyopia.legal,available,74.98,88.98,medium,low,9,namecheap,,,18/09/2026 17:11
d17b9837-90f6-4d06-b6a2-0e7c6ec2bac8,morose.legal,available,9.99,92.99,medium,low,6,name.com,,,20/08/2026 15:01
2a6cd2ee-ab10-4376-9b0c-aa6866f52bce,forced.legal,available,9.99,92.99,high,low,6,name.com,,,23/09/2026 21:10
c151368f-7474-4d1c-bc6d-695337cee5e6,outcast.legal,available,9.99,92.99,high,low,7,name.com,,,18/08/2026 15:35
e0a514a6-2ca4-4a0e-8e5f-4eb3b04341a9,remained.legal,available,71.99,71.99,medium,low,8,namesilo,,,18/09/2026 11:23
cfe7e644-701f-4b59-982c-b4dd098c1550,retentive.legal,available,71.99,71.99,medium,low,9,namesilo,,,09/09/2026 11:47
a6927e52-e66d-49f3-8fc4-7523d48dc405,sintering.legal,available,5.66,57.16,medium,low,9,porkbun,,,01/10/2026 15:38
934b73c1-48c9-420f-a8c3-a7f1ccb8ac99,topical.legal,available,71.99,71.99,high,low,7,namesilo,,,11/09/2026 17:42
4548bd87-efcb-4515-8935-2259efee944a,biplane.legal,available,74.98,88.98,medium,low,7,namecheap,,,23/09/2026 19:18
0238d2ff-5dd1-4893-a235-539028f11739,kwan.legal,available,74.98,88.98,medium,low,4,namecheap,,,02/10/2026 07:34
68e2d871-43e4-44a1-80c3-4bc49b80822f,angst.legal,available,71.99,71.99,medium,low,5,namesilo,,,19/09/2026 07:24
76c9a17c-07e0-4222-a485-6466810584bb,nail.legal,available,71.99,71.99,high,low,4,namesilo,,,21/09/2026 16:04
3145f14d-02e6-4e4a-a307-daeb2992221c,pallid.legal,available,71.99,71.99,medium,low,6,namesilo,,,04/09/2026 23:51
13218f11-9855-452a-b028-871262c04c50,burch.legal,available,57.13,57.13,medium,low,5,spaceship,,,29/09/2026 15:48
4c4142b5-8218-4387-a778-ee056b6141af,voluptuary.legal,available,9.99,92.99,medium,low,10,name.com,,,24/08/2026 12:27
3ec63272-8b69-465b-834d-32f946c9381a,weary.legal,available,71.99,71.99,medium,low,5,namesilo,,,22/09/2026 15:10
da98588b-7a74-4c34-9cf7-d3c7f43f540b,elected.legal,available,9.99,92.99,high,low,7,name.com,,,16/08/2026 02:35
fc228ea1-d300-465a-a9df-02346f30858f,wednesdays.legal,available,57.13,57.13,high,low,10,spaceship,,,02/10/2026 21:05
fa2bdd15-d59f-45a1-8e28-397d6befe9a0,acre.legal,available,57.13,57.13,high,low,4,spaceship,,,28/09/2026 17:21
7b8048ae-cda4-4a9e-a395-3f2ad63463ca,runner.legal,available,71.99,71.99,high,low,6,namesilo,,,21/09/2026 22:22
48e2cf9e-1bcc-4ed2-bef7-b4b46805bc2f,fooled.legal,available,55.2,55.2,low,low,6,cloudflare,,,29/09/2026 04:52
11d5667b-390e-4091-9db5-4646e806ed51,sheik.legal,available,9.99,92.99,high,low,5,name.com,,,13/08/2026 17:11
f29673ae-11a6-4775-8060-511584344a58,oto.legal,available,57.13,57.13,high,low,3,spaceship,,,02/10/2026 16:17
e7aba66c-0928-4be0-9822-94702d561437,touches.legal,available,57.13,57.13,medium,low,7,spaceship,,,28/09/2026 04:39
b8c5c97a-ca2d-4bed-8839-3ac86d44cb33,edmondson.legal,available,57.13,57.13,medium,low,9,spaceship,,,30/09/2026 13:39
d39bd36b-d6ae-4b68-8f7d-dc148badcf19,authorities.legal,available,74.98,88.98,high,low,11,namecheap,,,27/09/2026 02:17
e5b7241e-2a10-4376-b893-1641a663a979,amplifying.legal,available,74.98,88.98,medium,low,10,namecheap,,,17/09/2026 20:45
43c62a50-dc60-4879-9911-ffe0818e3767,palgrave.legal,available,57.13,57.13,medium,low,8,spaceship,,,01/10/2026 19:38
11f3e177-68be-4303-9f42-091795a5a855,piled.legal,available,57.13,57.13,medium,low,5,spaceship,,,02/10/2026 12:34
46b2586e-a018-4e05-9a3c-1254b66b969c,formulation.legal,available,5.57,59.07,high,low,11,dynadot,,,01/10/2026 13:01
4c5f161f-3939-48b9-86d4-c467d202b659,purses.legal,available,71.99,71.99,medium,low,6,namesilo,,,20/09/2026 11:07
f536f0be-2ac0-4408-a1ac-21236550c828,detectable.legal,available,9.99,92.99,high,low,10,name.com,,,14/08/2026 04:42
a50b60cd-1e27-4c6f-b42e-ccf69d6cfd63,mcclain.legal,available,71.99,71.99,medium,low,7,namesilo,,,30/09/2026 05:35
ad64b9ce-c864-4001-b43a-225e7311e671,warrior.legal,available,71.99,71.99,high,low,7,namesilo,,,27/09/2026 05:52
91a883f4-c35e-483a-bbcf-1f97a0218903,atresia.legal,available,71.99,71.99,medium,low,7,namesilo,,,21/09/2026 00:42
874baf44-7308-4f60-ab70-54cfa1d6cf8c,acrilan.legal,available,71.99,71.99,medium,low,7,namesilo,,,17/09/2026 03:06
f91753b7-f0dc-4d51-b432-61a1e15c2949,compliment.legal,available,71.99,71.99,high,low,10,namesilo,,,24/09/2026 16:50
c5aa4ad2-6430-4f20-94c7-d8b183fa5bd5,arbalist.legal,available,71.99,71.99,medium,low,8,namesilo,,,20/09/2026 00:35
1db840fe-158b-4ac7-86f1-190455c86cfd,wiley.legal,available,74.98,88.98,high,low,5,namecheap,,,27/09/2026 08:05
d98936e4-5a11-4dd2-b25b-7e9c16216eea,parenteral.legal,available,71.99,71.99,medium,low,10,namesilo,,,08/09/2026 01:19
958b14ca-9eb2-47cb-b0ae-883c6d5bac04,pluck.legal,available,55.2,55.2,high,low,5,cloudflare,,,01/10/2026 19:35
89011f8f-d444-4c50-88b9-d738c45d8b62,trounce.legal,available,9.99,92.99,medium,low,7,name.com,,,09/08/2026 05:27
9e5146c8-95d9-4365-bde7-e415c40029bd,ulnar.legal,available,71.99,71.99,medium,low,5,namesilo,,,11/09/2026 22:45
0bad7f2c-b09f-4853-8cf9-d88d0373f8f0,biotite.legal,available,74.98,88.98,medium,low,7,namecheap,,,23/09/2026 19:13
1daa0073-a9e7-4595-ab1f-def0a82e536d,thoroughly.legal,available,71.99,71.99,medium,low,10,namesilo,,,14/09/2026 17:01
c9f48e55-0a12-4d6a-bd21-cb714c024ba4,alcaeus.legal,available,71.99,71.99,medium,low,7,namesilo,,,18/09/2026 03:40
8929fcb4-e6c1-4c09-8d2f-df33a8968cc0,homs.legal,available,71.99,71.99,medium,low,4,namesilo,,,03/10/2026 05:39
9f2e3c3b-073e-4cce-9851-2addd3fe2125,inspecting.legal,available,71.99,71.99,high,low,10,namesilo,,,03/10/2026 03:30
95f2c2f7-8fd5-45a1-8873-dd3e09f47986,echoic.legal,available,9.99,92.99,medium,low,6,name.com,,,14/08/2026 23:34
de28ecf4-bb19-4f10-8c58-86cd4df1e870,outlying.legal,available,71.99,71.99,high,low,8,namesilo,,,02/10/2026 06:58
5986b7a1-f198-4e3d-b6c9-807e9fe8d7d7,debonair.legal,available,9.99,92.99,high,low,8,name.com,,,12/08/2026 05:58
ec431d25-52d9-4e8d-872c-90f404855958,specify.legal,available,55.2,55.2,high,low,7,cloudflare,,,29/09/2026 20:40
cb2cc664-339e-42e3-a1c7-5128b8e27507,villagers.legal,available,5.57,59.07,medium,low,9,dynadot,,,29/09/2026 05:33
9f8721f3-b2dd-43ee-b46e-a9ed232124cb,pretend.legal,available,71.99,71.99,high,low,7,namesilo,,,25/09/2026 16:18
50cb0462-ca03-4f9a-9f31-784dffe34bcf,ibf.legal,available,57.13,57.13,medium,low,3,spaceship,,,02/10/2026 00:20
015ac5b6-987a-4816-be40-4b95d8fccf73,concave.legal,available,9.99,92.99,high,low,7,name.com,,,12/08/2026 19:50
08e5dc72-3278-4055-a771-f22110042f2c,ascoma.legal,available,71.99,71.99,medium,low,6,namesilo,,,20/09/2026 13:22
218b8485-3eb9-4775-8a20-f53287c2f5b7,inspiring.legal,available,74.98,88.98,high,low,9,namecheap,,,25/09/2026 09:50
d8004f9e-0c94-4de0-92e0-f3eafd6debdb,virgil.legal,available,57.13,57.13,high,low,6,spaceship,,,28/09/2026 02:58
9698049b-528f-4f18-b6fc-ef178f8925e5,fashioned.legal,available,9.99,92.99,high,low,9,name.com,,,17/08/2026 23:02
66deb343-54d9-41e6-99fe-b65fa785cb9d,isaac.legal,available,57.13,57.13,high,low,5,spaceship,,,28/09/2026 19:31
9fa72ee0-8bdb-43de-93dc-ceb4544644f0,agleam.legal,available,9.99,92.99,medium,low,6,name.com,,,
deb8db22-7931-4e83-a9a6-5773b5f4a4de,trilled.legal,available,9.99,92.99,medium,low,7,name.com,,,09/09/2026 18:19
f2907a77-d50c-4e6b-b7fb-fe17413b977f,beading.legal,available,74.98,88.98,high,low,7,namecheap,,,22/09/2026 19:27
d62184c4-e5ec-464e-ba27-12e5f6b7195b,loire.legal,available,71.99,71.99,medium,low,5,namesilo,,,28/09/2026 14:48
c45bfd24-4986-4ff2-9cf7-066168c947e4,hervey.legal,available,5.66,57.16,medium,low,6,porkbun,,,30/09/2026 05:29
0a0d5f67-bd20-4269-b856-4cb35b4ebe00,rooftop.legal,available,5.57,59.07,high,low,7,dynadot,,,29/09/2026 20:13
38bec44f-7a1d-4c6b-8e94-b44367cf2878,liquidation.legal,available,57.13,57.13,high,low,11,spaceship,,,02/10/2026 21:24
baef8f4e-1fb3-424c-b8f0-baeef60f0140,neonatal.legal,available,9.99,92.99,medium,low,8,name.com,,,03/09/2026 15:27
0c52bf07-3f84-4437-a90b-05976818ff21,bloomington.legal,available,71.99,71.99,medium,low,11,namesilo,,,27/09/2026 08:15
285a626e-d7ab-4675-ba8b-182903ce1574,side.legal,available,71.99,71.99,high,low,4,namesilo,,,27/09/2026 21:50
f80ef430-b140-48ca-ae9e-a0082194c76c,mummy.legal,available,74.98,88.98,high,low,5,namecheap,,,28/09/2026 10:18
d731a28a-f1a3-49f0-8645-7e0a0b8c7f2a,reward.legal,available,71.99,71.99,high,low,6,namesilo,,,25/09/2026 07:57
81ae4d80-a455-404b-8a66-915ff8c83231,prettier.legal,available,71.99,71.99,medium,low,8,namesilo,,,18/09/2026 11:09
7e0e7869-8308-47c5-b9b2-b69ef26977e3,qualifier.legal,available,57.13,57.13,high,low,9,spaceship,,,30/09/2026 04:52